1068206	Peak_25860
1068206	Peak_68978
1068516	Peak_19319
1069096	Peak_19319
1068516	Peak_24518
1069096	Peak_24518
1079493	Peak_24039
1079493	Peak_25265
1079493	Peak_38063
1124797	Peak_32494
1125097	Peak_106662
1125097	Peak_127062
1132606	Peak_35758
1133417	Peak_17127
1136406	Peak_13453
1144096	Peak_18461
1144096	Peak_239339
1144096	Peak_41520
1144096	Peak_73391
1144096	Peak_78446
1157884	Peak_13897
1157884	Peak_45609
1433207	Peak_143416
1433207	Peak_20312
1540886	Peak_241915
1782511	Peak_17262
1783003	Peak_18368
1891627	Peak_63191
1908330	Peak_56936
1908330	Peak_7031
2311403	Peak_87870
2545952	Peak_10350
2546379	Peak_10350
2546625	Peak_15640
2546625	Peak_299841
2548130	Peak_55715
2548964	Peak_29004
2575686	Peak_11644
2576733	Peak_18559
2578220	Peak_19533
3066273	Peak_42821
3482322	Peak_148245
3482322	Peak_24338
3746819	Peak_16182
3747518	Peak_16182
3746819	Peak_62963
3747518	Peak_62963
3746819	Peak_84832
3747518	Peak_84832
3901492	Peak_3068
6743243	Peak_274207
6743243	Peak_35692
6743243	Peak_89180
8058604	Peak_27439
8061261	Peak_17068
8070339	Peak_47051
8070339	Peak_94913
8077077	Peak_13439
8077281	Peak_13439
8078293	Peak_72259
8083735	Peak_37657
8083735	Peak_60194
8090505	Peak_53522
8094527	Peak_62131
8097522	Peak_29728
8121007	Peak_16667
8121007	Peak_38624
8167262	Peak_48303
8174338	Peak_66949
8174818	Peak_44001
8202130	Peak_15104
8202612	Peak_53554
8217179	Peak_142520
8217179	Peak_72909
8258968	Peak_22855
8259910	Peak_22855
8258968	Peak_33108
8259910	Peak_33108
8258968	Peak_47507
8259910	Peak_47507
8848806	Peak_5762
8858461	Peak_27103
9162857	Peak_20720
9163683	Peak_25030
9163683	Peak_32614
9181367	Peak_106534
9181367	Peak_94802
9182111	Peak_109450
9182111	Peak_88632
9233268	Peak_33238
9290395	Peak_108011
9290395	Peak_234043
9371491	Peak_47556
9377242	Peak_36304
9401858	Peak_66862
9413014	Peak_14615
9413014	Peak_39742
9825439	Peak_143575
9825439	Peak_30798
9843086	Peak_122543
9843086	Peak_66630
9843519	Peak_67830
10387645	Peak_66746
10635992	Peak_18721
10815054	Peak_22117
10815054	Peak_27572
10815054	Peak_43861
12148580	Peak_47851
12161708	Peak_74553
12161708	Peak_8880
12527540	Peak_144629
12527540	Peak_23894
12528337	Peak_28980
12528609	Peak_28980
12539957	Peak_207234
12539957	Peak_53259
12539957	Peak_66219
12549648	Peak_107784
12550169	Peak_107784
12549648	Peak_89207
12550169	Peak_89207
12619211	Peak_42519
12619891	Peak_28718
13620192	Peak_23069
15139754	Peak_18390
15141863	Peak_63736
15603883	Peak_13776
15603883	Peak_28500
15735789	Peak_7833
15736318	Peak_7833
15799059	Peak_30029
15799475	Peak_49180
15799908	Peak_18524
16012718	Peak_15907
16012718	Peak_23962
16173180	Peak_16132
16173180	Peak_59711
16175953	Peak_25983
16181615	Peak_195482
16181615	Peak_9244
16216490	Peak_18942
16216922	Peak_1039
16217722	Peak_1039
16216922	Peak_36650
16217722	Peak_36650
16623492	Peak_41893
16623930	Peak_1325
16644852	Peak_10991
16644852	Peak_144890
16644852	Peak_73696
17516920	Peak_27424
17531765	Peak_92783
18464213	Peak_15555
18464213	Peak_8135
19010393	Peak_118039
19010393	Peak_236805
19010924	Peak_23557
19010924	Peak_25231
19066961	Peak_243326
19066961	Peak_62478
19073452	Peak_120209
19073872	Peak_72252
19074050	Peak_72252
19260464	Peak_139618
19260464	Peak_49539
19274279	Peak_21465
19274279	Peak_25293
19274279	Peak_72212
19504906	Peak_37137
19514455	Peak_89349
19815836	Peak_80968
19815836	Peak_96040
20486709	Peak_56652
20733137	Peak_38163
21673454	Peak_63421
21943050	Peak_47854
21943249	Peak_47854
21956689	Peak_6789
21956689	Peak_9640
22039666	Peak_20477
22163176	Peak_141602
22163176	Peak_65083
22163176	Peak_67266
22228969	Peak_62126
22257332	Peak_41010
22257976	Peak_45322
22414223	Peak_19818
22414472	Peak_19818
23554384	Peak_10606
23555125	Peak_10606
23554384	Peak_47281
23555125	Peak_47281
23562139	Peak_140560
23562139	Peak_6827
23577368	Peak_81067
23704905	Peak_29262
23704905	Peak_99070
23727220	Peak_10987
23727220	Peak_17266
23790190	Peak_76865
23919932	Peak_32361
24019102	Peak_11199
24018579	Peak_11199
24019102	Peak_96198
24018579	Peak_96198
24021566	Peak_67190
24294349	Peak_28243
24294349	Peak_47059
24705256	Peak_8375
24705794	Peak_60497
24724531	Peak_25250
24724531	Peak_27637
24848311	Peak_19349
24848311	Peak_62772
25233141	Peak_26461
25239628	Peak_12197
25239628	Peak_14027
25573599	Peak_42341
25616032	Peak_28032
25616032	Peak_3193
25875150	Peak_18658
25875150	Peak_63852
25875150	Peak_96567
25922630	Peak_108108
25922630	Peak_173076
25922630	Peak_72043
26500050	Peak_12290
26500050	Peak_17146
26500050	Peak_194557
26500050	Peak_34350
26500050	Peak_9150
26693271	Peak_14366
26784008	Peak_28130
26799695	Peak_44720
26799695	Peak_48704
26864750	Peak_2419
26865504	Peak_2419
26864750	Peak_68844
26865504	Peak_68844
26986674	Peak_245319
26986674	Peak_27183
27027099	Peak_31808
27031269	Peak_19681
27031269	Peak_48262
27402412	Peak_37623
27504506	Peak_37107
27504506	Peak_59965
27519550	Peak_103285
27522348	Peak_119686
27528042	Peak_170374
27529158	Peak_170374
27528042	Peak_31022
27529158	Peak_31022
27528042	Peak_85827
27529158	Peak_85827
27528042	Peak_92357
27529158	Peak_92357
27659529	Peak_12504
27659529	Peak_203374
27659529	Peak_30588
27662919	Peak_140345
27662919	Peak_30611
28647978	Peak_11816
28647978	Peak_33350
28647978	Peak_8094
28775148	Peak_27446
28775148	Peak_39346
28885009	Peak_13786
29124266	Peak_111025
29124719	Peak_111025
29124266	Peak_64266
29124719	Peak_64266
29124266	Peak_68360
29124719	Peak_68360
30798606	Peak_125448
30798606	Peak_68609
30823767	Peak_171434
30824728	Peak_171434
30823767	Peak_4847
30824728	Peak_4847
30823767	Peak_7301
30824728	Peak_7301
30847467	Peak_24227
31170651	Peak_4489
31573903	Peak_23999
31575580	Peak_32651
31587829	Peak_73885
31587829	Peak_78833
31588573	Peak_33897
31588573	Peak_87270
31714315	Peak_14721
31714315	Peak_202690
31714315	Peak_34822
31714315	Peak_6759
31789424	Peak_13886
31789424	Peak_15432
31789424	Peak_204926
31789424	Peak_76711
31880359	Peak_59916
31880944	Peak_50736
31881602	Peak_50736
31880944	Peak_60252
31881602	Peak_60252
31880944	Peak_95667
31881602	Peak_95667
31954717	Peak_36682
31954717	Peak_45781
31955966	Peak_9458
32240076	Peak_20759
32240076	Peak_53229
32400872	Peak_16964
32716450	Peak_164273
32716450	Peak_3040
32933528	Peak_76738
32934071	Peak_49261
32981128	Peak_15753
32989186	Peak_275255
32989186	Peak_50181
32992413	Peak_13224
32992413	Peak_235570
32998017	Peak_106948
33007221	Peak_52868
33007646	Peak_52868
33255493	Peak_46707
33255682	Peak_46707
33255832	Peak_70934
34406580	Peak_64615
36134881	Peak_146025
36187815	Peak_12396
36187815	Peak_34282
36200099	Peak_146507
36200099	Peak_71256
36203984	Peak_42673
36203984	Peak_74448
36207383	Peak_32028
36386730	Peak_9081
37454914	Peak_39306
37471770	Peak_30663
37487174	Peak_32158
37487174	Peak_98234
37996073	Peak_103416
37996073	Peak_37946
38728672	Peak_42892
39818523	Peak_23610
39980538	Peak_58509
39987931	Peak_75178
40868263	Peak_9551
40898504	Peak_119657
40899162	Peak_139976
40899162	Peak_20302
40939794	Peak_64825
40944400	Peak_64316
40944913	Peak_45129
40944913	Peak_74308
41361593	Peak_1868
41361593	Peak_93005
41432441	Peak_16818
41432908	Peak_16818
41433199	Peak_16818
41432441	Peak_18948
41432908	Peak_18948
41433199	Peak_18948
41432441	Peak_25199
41432908	Peak_25199
41433199	Peak_25199
41496210	Peak_9670
41500453	Peak_9208
41500832	Peak_9208
41501920	Peak_21586
41501660	Peak_21586
42924066	Peak_48213
42925008	Peak_48213
42924066	Peak_6858
42925008	Peak_6858
42924066	Peak_78049
42925008	Peak_78049
43276954	Peak_50957
44035950	Peak_104909
44730528	Peak_103691
44730528	Peak_17981
44730528	Peak_26858
44807015	Peak_1525
44807015	Peak_207022
44807015	Peak_9209
46187517	Peak_30276
46719753	Peak_23706
46755046	Peak_79440
46755046	Peak_94018
47179383	Peak_43082
47477710	Peak_12495
47477710	Peak_25619
47508005	Peak_30954
47508005	Peak_93188
47558911	Peak_41343
47752090	Peak_140307
51569772	Peak_20164
52703447	Peak_15803
52703447	Peak_6378
53145765	Peak_10002
53145765	Peak_31994
53176367	Peak_42955
53176367	Peak_98667
53183361	Peak_68207
53739454	Peak_141132
53739454	Peak_20580
54488171	Peak_7109
54489551	Peak_30124
55428856	Peak_5555
58584916	Peak_171555
58584916	Peak_83891
58584916	Peak_89000
58618273	Peak_14454
58619335	Peak_194643
58619335	Peak_73067
58620275	Peak_31893
58755259	Peak_26154
58773066	Peak_21972
58773066	Peak_267218
58814274	Peak_24674
58814480	Peak_24674
58814274	Peak_67415
58814480	Peak_67415
58814274	Peak_8391
58814480	Peak_8391
58849019	Peak_26929
58849019	Peak_72162
58858280	Peak_32118
58858383	Peak_32118
58858280	Peak_97284
58858383	Peak_97284
58874861	Peak_203560
58874861	Peak_30067
58874861	Peak_67157
58874861	Peak_88334
58881631	Peak_40983
58883364	Peak_37767
58885058	Peak_14967
58885058	Peak_50445
58893518	Peak_40877
58893970	Peak_40877
58893518	Peak_51057
58893970	Peak_51057
58896653	Peak_9834
58903401	Peak_2171
58922271	Peak_23168
58942741	Peak_64415
58942741	Peak_69605
58964774	Peak_235218
58964774	Peak_56691
58964774	Peak_7537
58976398	Peak_53874
58982532	Peak_29609
59013233	Peak_21776
59020229	Peak_28376
59020515	Peak_28376
59044054	Peak_85638
59044054	Peak_98191
59061965	Peak_72074
59062826	Peak_57375
59150816	Peak_25973
59151296	Peak_25973
59150816	Peak_292260
59151296	Peak_292260
59203910	Peak_65267
60573123	Peak_26889
60573290	Peak_26889
61638369	Peak_169872
61638858	Peak_169872
61638369	Peak_74062
61638858	Peak_74062
61641799	Peak_48506
62385973	Peak_86132
62690486	Peak_58916
63698521	Peak_137939
63698521	Peak_42428
63704545	Peak_66405
67572626	Peak_8254
67572852	Peak_8254
67838667	Peak_29005
67840473	Peak_33591
67840790	Peak_33591
67840473	Peak_53162
67840790	Peak_53162
84271466	Peak_137467
84271466	Peak_207863
84272489	Peak_25466
85224865	Peak_109487
85224865	Peak_22023
85297699	Peak_10434
85298202	Peak_10434
85297699	Peak_52559
85298202	Peak_52559
85611951	Peak_38912
85628994	Peak_20728
85628994	Peak_20823
85628994	Peak_47636
86774307	Peak_200486
86774307	Peak_87062
86792838	Peak_27185
86792838	Peak_27961
87449276	Peak_22817
89311291	Peak_119095
89311291	Peak_137286
89311291	Peak_38722
91569698	Peak_169103
91569698	Peak_33014
94325595	Peak_40738
94325595	Peak_59502
94385146	Peak_27870
94550870	Peak_58910
94552497	Peak_94180
94562964	Peak_28275
94608507	Peak_50872
94612094	Peak_39743
94621322	Peak_33226
94621628	Peak_33226
94648260	Peak_121294
94648260	Peak_21361
94702038	Peak_109068
94702038	Peak_88818
94735135	Peak_33019
94753767	Peak_49425
94783340	Peak_16360
94801889	Peak_268554
94802199	Peak_268554
94801889	Peak_292363
94802199	Peak_292363
94801889	Peak_41907
94802199	Peak_41907
94972341	Peak_99215
97921486	Peak_40863
109240064	Peak_175431
109240064	Peak_84108
109240064	Peak_84468
109240064	Peak_97456
109777095	Peak_35231
109783295	Peak_22132
109792238	Peak_117942
109793856	Peak_55713
109796913	Peak_241640
109796913	Peak_53083
109823849	Peak_21150
109877222	Peak_38930
109895846	Peak_45586
109931171	Peak_22362
109934389	Peak_53123
109959914	Peak_46314
110084338	Peak_27423
110084338	Peak_74077
110209882	Peak_38740
110210910	Peak_38740
110209882	Peak_6600
110210910	Peak_6600
110464371	Peak_52866
110464565	Peak_52866
110477600	Peak_110996
110477600	Peak_13124
110478308	Peak_29574
110507777	Peak_18431
110507777	Peak_198636
110507777	Peak_75075
111110257	Peak_16792
111990070	Peak_110604
111990070	Peak_47273
111990070	Peak_53470
111990883	Peak_208194
111991329	Peak_208194
111990883	Peak_23900
111991329	Peak_23900
111990883	Peak_50078
111991329	Peak_50078
112390877	Peak_17204
112394423	Peak_29242
112906008	Peak_25895
112906008	Peak_30622
112998809	Peak_147597
112998809	Peak_25823
113140773	Peak_169895
113140773	Peak_27354
113140773	Peak_95537
113216977	Peak_39695
114346150	Peak_77259
115099001	Peak_118100
115099001	Peak_18015
115771670	Peak_199117
115771670	Peak_42720
116152351	Peak_119291
116152351	Peak_14770
116243033	Peak_243591
116243033	Peak_55633
116243643	Peak_105145
116243643	Peak_118944
116311986	Peak_38191
116312566	Peak_23630
116418252	Peak_205443
116418252	Peak_22115
116475583	Peak_146927
116475583	Peak_78568
116475583	Peak_92958
116504893	Peak_122574
116504893	Peak_197414
116504893	Peak_79791
116853766	Peak_27725
116879421	Peak_84469
117231845	Peak_42697
117562746	Peak_29643
117562746	Peak_31430
117571300	Peak_18625
117571300	Peak_20239
117590339	Peak_79629
117591272	Peak_13618
117632297	Peak_19422
117632773	Peak_19422
117632297	Peak_22508
117632773	Peak_22508
117674658	Peak_107791
117675033	Peak_36462
120180016	Peak_144149
120180016	Peak_207492
121519388	Peak_35653
121519388	Peak_41000
121519388	Peak_89117
121586796	Peak_38390
121586796	Peak_48686
145979741	Peak_4315
145985924	Peak_104011
145997364	Peak_71435
146035772	Peak_24578
147084850	Peak_43324
147084850	Peak_54878
150255671	Peak_49800
150515169	Peak_5404
150529207	Peak_60251
150560985	Peak_12184
150560985	Peak_2140
150562270	Peak_7633
150568163	Peak_10454
150568301	Peak_10454
150977348	Peak_21171
150981229	Peak_59857
151131459	Peak_14825
151832600	Peak_16301
151836880	Peak_14504
151944468	Peak_46232
151945792	Peak_41859
153506673	Peak_203559
153506673	Peak_43374
153515582	Peak_19049
153516120	Peak_19049
153515582	Peak_269988
153516120	Peak_269988
153533192	Peak_20969
153568489	Peak_51299
153572790	Peak_15048
153572790	Peak_49523
153617627	Peak_31044
153633413	Peak_53058
153649187	Peak_51223
153677921	Peak_60824
153697260	Peak_57145
153697945	Peak_54829
153698490	Peak_54829
153697945	Peak_76849
153698490	Peak_76849
153697945	Peak_78018
153698490	Peak_78018
153783338	Peak_27172
153783338	Peak_9332
154352332	Peak_19059
154353044	Peak_19059
154352332	Peak_198278
154353044	Peak_198278
154352332	Peak_24999
154353044	Peak_24999
154352332	Peak_30992
154353044	Peak_30992
154352332	Peak_69681
154353044	Peak_69681
154559744	Peak_32193
155125957	Peak_18382
155166839	Peak_108956
155166839	Peak_60703
155167871	Peak_36096
155194416	Peak_14977
155194416	Peak_88295
155226963	Peak_56395
155227980	Peak_1599
155940530	Peak_175455
155940530	Peak_30831
156456471	Peak_16826
156457587	Peak_16826
156456471	Peak_2156
156457587	Peak_2156
156456471	Peak_76873
156457587	Peak_76873
156456471	Peak_8369
156457587	Peak_8369
156503392	Peak_29703
156504950	Peak_33670
156505571	Peak_17337
156510667	Peak_60481
156616473	Peak_148783
156659991	Peak_13435
156661343	Peak_26342
156706220	Peak_64939
156706220	Peak_79458
156892436	Peak_19623
157154898	Peak_13029
157155146	Peak_13029
157154898	Peak_49554
157155146	Peak_49554
157240452	Peak_19478
157240452	Peak_9950
157992352	Peak_146929
157992352	Peak_69212
158150032	Peak_17254
159910389	Peak_3448
159914125	Peak_30200
159914339	Peak_36402
159916239	Peak_30505
160101225	Peak_32017
160539394	Peak_28208
160539394	Peak_30937
160540514	Peak_19087
160782296	Peak_13560
160782296	Peak_271450
160782296	Peak_39148
160782296	Peak_46861
160782296	Peak_51238
161382562	Peak_89302
161382562	Peak_93477
161399112	Peak_15573
161399112	Peak_18063
161399112	Peak_21837
162613760	Peak_45705
162905532	Peak_22923
162905532	Peak_88699
165376035	Peak_29608
165376035	Peak_48170
165376035	Peak_56975
165597958	Peak_206914
165597958	Peak_3158
165915908	Peak_164239
165915908	Peak_17055
165915908	Peak_67616
167628029	Peak_39836
167628029	Peak_54799
167628029	Peak_71680
168834339	Peak_44044
168845432	Peak_28051
168907301	Peak_43631
168920949	Peak_18618
168972821	Peak_45437
169103462	Peak_24229
169511176	Peak_63244
169511176	Peak_93726
171141467	Peak_45450
171141467	Peak_84235
171142588	Peak_109151
171142588	Peak_66229
172746165	Peak_13318
172746673	Peak_13318
172746165	Peak_240773
172746673	Peak_240773
172826419	Peak_55237
172826419	Peak_57179
172906921	Peak_38935
172934123	Peak_22660
172934123	Peak_47481
173123228	Peak_15489
173123228	Peak_63884
173123228	Peak_67238
173429731	Peak_23533
173429944	Peak_14880
173452565	Peak_12788
175200947	Peak_73935
177872072	Peak_106486
177872543	Peak_106486
177872072	Peak_42994
177872543	Peak_42994
177872072	Peak_63008
177872543	Peak_63008
178038210	Peak_36156
178038210	Peak_6722
179017293	Peak_14224
179586408	Peak_15390
179586408	Peak_58119
181105679	Peak_5801
181142511	Peak_14640
181151918	Peak_74709
181153149	Peak_14334
182030121	Peak_1581
182030121	Peak_3270
182101408	Peak_20218
182113818	Peak_65156
182120601	Peak_18091
182143279	Peak_36832
182144015	Peak_13356
182144015	Peak_23117
182144015	Peak_26772
182197633	Peak_58164
182197955	Peak_58164
182259230	Peak_52363
182259776	Peak_52363
182259230	Peak_55436
182259776	Peak_55436
182290085	Peak_108606
182290085	Peak_40629
182315272	Peak_59891
182349073	Peak_108845
182614778	Peak_29452
182615307	Peak_29452
182614778	Peak_31511
182615307	Peak_31511
182616152	Peak_84431
183181069	Peak_176034
183181069	Peak_44417
184629944	Peak_56608
184632787	Peak_9888
185535050	Peak_24124
192489767	Peak_18204
192539797	Peak_35356
193259825	Peak_67630
193418507	Peak_62654
201028546	Peak_236318
201028546	Peak_236683
201028546	Peak_88300
201450679	Peak_58555
201450679	Peak_83884
201460992	Peak_17369
201461740	Peak_30587
201480872	Peak_19991
201480872	Peak_25342
201481737	Peak_110163
201481737	Peak_122433
201481737	Peak_16114
201511944	Peak_59048
201511944	Peak_59532
201512962	Peak_31778
201538613	Peak_30541
201539108	Peak_30541
201540096	Peak_79260
201598143	Peak_4067
201896119	Peak_30859
201896119	Peak_58361
202018902	Peak_26550
202018902	Peak_34810
202018902	Peak_4292
202018902	Peak_5254
202023044	Peak_25540
202046186	Peak_9488
202046799	Peak_140641
202076029	Peak_32508
202085182	Peak_15545
202085899	Peak_84831
202106581	Peak_7295
202106984	Peak_58426
202107458	Peak_58426
202106984	Peak_9981
202107458	Peak_9981
202112888	Peak_35098
202112888	Peak_73238
203278413	Peak_29665
203278413	Peak_54158
203287157	Peak_42301
203287157	Peak_88775
203290298	Peak_8662
203290709	Peak_8662
203291232	Peak_124359
203291232	Peak_163011
203316519	Peak_4641
203321015	Peak_23958
203322806	Peak_63317
203327960	Peak_10522
203327052	Peak_10522
203327960	Peak_25836
203327052	Peak_25836
203327960	Peak_33529
203327052	Peak_33529
203408520	Peak_276978
203408520	Peak_51316
203536729	Peak_202716
203536729	Peak_49946
203537938	Peak_15722
203558336	Peak_32254
203558685	Peak_32254
203860516	Peak_37386
204129174	Peak_57359
204383217	Peak_66347
204417150	Peak_15111
204417150	Peak_50654
204417150	Peak_68166
205284664	Peak_25617
205285016	Peak_25617
205294042	Peak_164974
205294042	Peak_78149
205301431	Peak_46147
205366010	Peak_34999
205477543	Peak_24331
205477543	Peak_81211
205493244	Peak_42303
205543246	Peak_16185
205543791	Peak_16185
205543246	Peak_64606
205543791	Peak_64606
205543246	Peak_72983
205543791	Peak_72983
205543246	Peak_97983
205543791	Peak_97983
206005596	Peak_28264
206501144	Peak_137610
206501709	Peak_137610
206501144	Peak_27284
206501709	Peak_27284
206952239	Peak_105127
206953122	Peak_245337
206953733	Peak_63855
207005088	Peak_38850
207009632	Peak_17278
207010044	Peak_21775
207309719	Peak_124659
207309719	Peak_75134
207316657	Peak_35182
207316929	Peak_35182
207805855	Peak_41157
207807373	Peak_105771
207807373	Peak_68095
207807373	Peak_68752
207811973	Peak_202383
207811973	Peak_29097
207816764	Peak_92750
207824206	Peak_11219
207825718	Peak_196171
207825718	Peak_32381
207826561	Peak_28819
207828625	Peak_32851
207830857	Peak_58685
207838316	Peak_9505
207848215	Peak_15385
207866887	Peak_78040
207868231	Peak_35704
207869210	Peak_16145
207869210	Peak_68733
207963501	Peak_105778
207963965	Peak_105778
207963501	Peak_1946
207963965	Peak_1946
208245273	Peak_31314
209653000	Peak_6051
209653393	Peak_6051
209653979	Peak_71118
210251271	Peak_32599
210251271	Peak_41116
210252592	Peak_13987
210252737	Peak_13987
210292348	Peak_17675
210292348	Peak_94116
210311324	Peak_26241
211514278	Peak_16701
211515204	Peak_9143
211643540	Peak_25064
211929050	Peak_72991
212218290	Peak_41988
212238648	Peak_32220
212238648	Peak_52920
212242596	Peak_69567
212470352	Peak_19975
212485819	Peak_171734
212485819	Peak_207598
212485819	Peak_27481
212636911	Peak_52906
212636911	Peak_79554
212700407	Peak_95641
214280446	Peak_57318
218344906	Peak_167317
218344906	Peak_51213
218344906	Peak_87780
218460015	Peak_55588
218499074	Peak_63983
220732420	Peak_124855
220732420	Peak_199415
222465308	Peak_47878
222465308	Peak_5218
222814540	Peak_11490
222815563	Peak_11490
222814540	Peak_35649
222815563	Peak_35649
223181111	Peak_173692
223701473	Peak_121060
223701473	Peak_18773
224205502	Peak_43612
224211186	Peak_28095
225444713	Peak_6794
225444987	Peak_6794
225694160	Peak_10187
225735731	Peak_23358
225746674	Peak_11558
225747095	Peak_11558
225755033	Peak_31290
225755274	Peak_97906
225767016	Peak_167250
225767016	Peak_233557
225772353	Peak_7232
226002516	Peak_55494
226034798	Peak_32710
226109581	Peak_105716
226109581	Peak_14896
226109581	Peak_29732
226109581	Peak_73909
226109581	Peak_7661
226128181	Peak_7492
226133024	Peak_38244
226133342	Peak_38244
226133024	Peak_68853
226133342	Peak_68853
226134844	Peak_22897
226134844	Peak_25175
226350055	Peak_171362
226350055	Peak_31139
226815057	Peak_41077
226827343	Peak_165755
226827343	Peak_299149
226827343	Peak_96154
227357630	Peak_15424
227357630	Peak_173567
227357630	Peak_199861
227357630	Peak_238067
227428988	Peak_55468
227431925	Peak_30962
227787538	Peak_52709
227788792	Peak_3090
227788792	Peak_71546
227788792	Peak_9911
228830134	Peak_13180
228831154	Peak_60101
228837840	Peak_16912
228837840	Peak_18143
228837840	Peak_25202
228861442	Peak_20610
228861442	Peak_26303
228903335	Peak_106525
228903335	Peak_20541
228964503	Peak_107895
228990588	Peak_92656
229058264	Peak_105482
229058264	Peak_67819
229070355	Peak_25795
229108482	Peak_273614
229113304	Peak_47167
229164756	Peak_44600
229164756	Peak_56855
229208309	Peak_15316
229221251	Peak_15801
229221251	Peak_23595
229229212	Peak_18418
229229212	Peak_237899
229229212	Peak_72344
229410885	Peak_57130
229411155	Peak_31468
229582066	Peak_16550
229582066	Peak_85575
230572385	Peak_36204
230572828	Peak_50450
230825057	Peak_13332
230825057	Peak_28788
232678768	Peak_108957
232678768	Peak_14804
232704628	Peak_43498
232704999	Peak_43498
232767263	Peak_32880
232767263	Peak_89391
233707170	Peak_11178
233707838	Peak_11178
233707170	Peak_269799
233707838	Peak_269799
233707170	Peak_85567
233707838	Peak_85567
234499108	Peak_23519
234499701	Peak_103433
234523579	Peak_16666
234531035	Peak_52303
234531728	Peak_80035
234531728	Peak_80323
234535812	Peak_36769
234544174	Peak_292868
234544174	Peak_72017
234544653	Peak_119068
234544653	Peak_243259
234544653	Peak_41342
234599704	Peak_12525
234600305	Peak_12525
234599704	Peak_3863
234600305	Peak_3863
234600573	Peak_38382
234602815	Peak_43680
234611072	Peak_21012
234611072	Peak_3470
234611072	Peak_9017
234612608	Peak_17215
234624408	Peak_37968
234657336	Peak_73550
234658196	Peak_32990
234700217	Peak_95699
234707678	Peak_103417
234723643	Peak_16014
234724679	Peak_16014
234723643	Peak_21532
234724679	Peak_21532
234723643	Peak_25401
234724679	Peak_25401
234723643	Peak_3887
234724679	Peak_3887
234751357	Peak_14102
234772466	Peak_30628
234845341	Peak_36342
234863055	Peak_56061
234875851	Peak_31681
234876288	Peak_18752
234899116	Peak_43375
234918023	Peak_45049
234918023	Peak_87590
234919221	Peak_87464
234925746	Peak_50164
234955216	Peak_45500
234957443	Peak_39206
234960645	Peak_19851
234961875	Peak_87726
234963295	Peak_60828
234969728	Peak_232150
234969728	Peak_72859
234970365	Peak_44350
234970365	Peak_53467
234978531	Peak_269818
234978531	Peak_78134
234980607	Peak_20356
234980607	Peak_29020
234987325	Peak_26257
234997113	Peak_13717
234997700	Peak_13717
235047726	Peak_167221
235047726	Peak_39613
235047726	Peak_45079
235062593	Peak_25004
235067527	Peak_17484
235068248	Peak_42526
235070083	Peak_48473
235073403	Peak_16118
235073830	Peak_16118
235073403	Peak_20126
235073830	Peak_20126
235073403	Peak_48031
235073830	Peak_48031
235075239	Peak_33745
235079514	Peak_8490
235083153	Peak_198042
235083713	Peak_11937
235892751	Peak_93167
235903246	Peak_108106
235903246	Peak_122471
235908728	Peak_31031
235917575	Peak_43183
235919987	Peak_147755
235920358	Peak_147755
235919987	Peak_62110
235920358	Peak_62110
237013092	Peak_12923
237013092	Peak_14930
243917301	Peak_176495
243917301	Peak_65255
244299868	Peak_18956
244757510	Peak_41619
244964359	Peak_55720
247112229	Peak_141131
247112229	Peak_17804
247112229	Peak_60462
248862915	Peak_13362
248863372	Peak_13362
248862915	Peak_23629
248863372	Peak_23629
944189	Peak_201117
944189	Peak_38692
970812	Peak_14850
974000	Peak_6315
986227	Peak_33943
2985974	Peak_31399
3045791	Peak_298717
3045791	Peak_53282
3045791	Peak_81432
3472251	Peak_78052
3539281	Peak_87793
3668799	Peak_39989
3747957	Peak_88513
3810073	Peak_7139
3811485	Peak_31779
3851619	Peak_49446
3852074	Peak_5748
3852823	Peak_5748
3886717	Peak_39850
3886874	Peak_39850
3886717	Peak_55305
3886874	Peak_55305
3907648	Peak_77563
3963638	Peak_71405
4127757	Peak_10356
4127757	Peak_125929
4280574	Peak_120074
4280855	Peak_120074
4662083	Peak_58266
4662791	Peak_17493
4663352	Peak_17493
4662791	Peak_236321
4663352	Peak_236321
4662791	Peak_84361
4663352	Peak_84361
4849989	Peak_17650
4902573	Peak_40092
5147009	Peak_18406
5147952	Peak_18406
5147009	Peak_27855
5147952	Peak_27855
5147009	Peak_30504
5147952	Peak_30504
5147009	Peak_59748
5147952	Peak_59748
5147009	Peak_79175
5147952	Peak_79175
5466396	Peak_12365
5466842	Peak_12365
5545917	Peak_27877
5546869	Peak_20788
5547977	Peak_41242
5548892	Peak_20527
5623067	Peak_15773
5626490	Peak_31409
5632209	Peak_172297
5632209	Peak_174541
5632209	Peak_34604
6086651	Peak_49713
6279840	Peak_13923
6297799	Peak_10684
6298225	Peak_10684
6299258	Peak_30896
6314846	Peak_26773
6314846	Peak_44650
6401579	Peak_14587
6401579	Peak_27573
6410355	Peak_81771
7541355	Peak_105392
9824841	Peak_49667
9825294	Peak_31813
11715759	Peak_11985
11715759	Peak_22614
11875779	Peak_3731
11876123	Peak_3731
11898616	Peak_28927
22849158	Peak_13389
22849158	Peak_197012
23065579	Peak_21682
25079081	Peak_34675
26622112	Peak_30722
26622112	Peak_33710
26622112	Peak_36738
29409271	Peak_107088
29409271	Peak_10967
29409271	Peak_14103
29409271	Peak_298426
29858555	Peak_120564
29858555	Peak_62711
29947481	Peak_37257
29947481	Peak_39128
30423539	Peak_97586
31133683	Peak_127334
31133683	Peak_34929
31133683	Peak_51813
31603192	Peak_6889
31603796	Peak_6889
31697301	Peak_104805
31697952	Peak_104805
31697301	Peak_21959
31697952	Peak_21959
31697301	Peak_29040
31697952	Peak_29040
31697301	Peak_53381
31697952	Peak_53381
31707100	Peak_164978
31707100	Peak_43472
31708191	Peak_111057
31760525	Peak_3236
31760525	Peak_3775
31947611	Peak_44469
31961321	Peak_84157
31961321	Peak_99325
33509332	Peak_35371
33509332	Peak_75257
42753387	Peak_30009
43362753	Peak_269321
43362753	Peak_28437
43362753	Peak_6995
43420200	Peak_36000
43421189	Peak_36000
43420200	Peak_5307
43421189	Peak_5307
43420200	Peak_95267
43421189	Peak_95267
43689648	Peak_24888
43863744	Peak_20581
43863744	Peak_85837
44065212	Peak_64406
44878798	Peak_45757
44958268	Peak_55281
44995957	Peak_26906
44995957	Peak_87138
45280174	Peak_128405
45280174	Peak_16794
46284429	Peak_8818
46539921	Peak_17828
46540214	Peak_17828
46556360	Peak_24810
59536661	Peak_75272
61835334	Peak_72175
61837487	Peak_73552
61897227	Peak_30593
62166612	Peak_51352
62166612	Peak_57554
63630892	Peak_11296
63630892	Peak_42909
63630892	Peak_5208
63630892	Peak_8930
63700187	Peak_33453
63711998	Peak_1898
63712365	Peak_1898
63711998	Peak_47876
63712365	Peak_47876
63722490	Peak_31210
63758003	Peak_67773
65033300	Peak_143057
65033300	Peak_24731
67850001	Peak_144550
67850001	Peak_18086
67850001	Peak_236154
67850001	Peak_271193
69425884	Peak_38900
69438617	Peak_47107
69438617	Peak_85337
69439333	Peak_57101
69449648	Peak_39422
69449648	Peak_67865
69507745	Peak_21025
70192463	Peak_47186
70430338	Peak_204813
70430902	Peak_204813
70430338	Peak_37486
70430902	Peak_37486
70430338	Peak_48078
70430902	Peak_48078
70430338	Peak_59749
70430902	Peak_59749
70458268	Peak_29083
70478283	Peak_60330
71377044	Peak_5811
71860811	Peak_10308
71860268	Peak_10308
71860811	Peak_270576
71860268	Peak_270576
71871225	Peak_121187
71871638	Peak_121187
71871225	Peak_19697
71871638	Peak_19697
72017583	Peak_48222
72044497	Peak_44639
72044497	Peak_94433
72242739	Peak_168461
72242739	Peak_197243
72243973	Peak_103921
72248448	Peak_36770
72248448	Peak_7621
72254852	Peak_60535
72254852	Peak_8457
72260190	Peak_139952
72260190	Peak_18595
72260190	Peak_293821
72260190	Peak_60547
72297245	Peak_22922
72298223	Peak_22922
72297245	Peak_3411
72298223	Peak_3411
72308406	Peak_34021
72309388	Peak_108814
72309388	Peak_275624
72315616	Peak_40562
72319892	Peak_14365
72319499	Peak_14365
72320710	Peak_34668
72329809	Peak_110844
72329809	Peak_141504
72331617	Peak_11930
72331617	Peak_7563
72364540	Peak_27142
72676426	Peak_247692
72676426	Peak_31541
73879677	Peak_27640
73887215	Peak_119070
73887215	Peak_144299
73887215	Peak_49254
73888524	Peak_79333
73940801	Peak_233747
73940801	Peak_23848
73940801	Peak_273724
73965880	Peak_107642
73965880	Peak_15317
75192108	Peak_38782
75192433	Peak_38782
75262919	Peak_17065
75294540	Peak_71564
75295444	Peak_15851
75295444	Peak_30333
75429998	Peak_172045
75430554	Peak_172045
75429998	Peak_69423
75430554	Peak_69423
78256323	Peak_31770
78302797	Peak_2205
78407215	Peak_46163
78408701	Peak_42327
78408701	Peak_89095
78433001	Peak_208633
78543531	Peak_147109
78543531	Peak_295472
78588440	Peak_197322
78588440	Peak_64165
78657087	Peak_42702
78742736	Peak_56921
78744792	Peak_196397
78745275	Peak_27795
78756619	Peak_35113
78756619	Peak_83775
78777568	Peak_103395
78805196	Peak_53565
78932980	Peak_86375
78965171	Peak_14117
78972517	Peak_19196
78972517	Peak_39792
78973163	Peak_11807
78974021	Peak_11807
78973163	Peak_54142
78974021	Peak_54142
78973163	Peak_84945
78974021	Peak_84945
78974635	Peak_85105
79054468	Peak_31520
79060130	Peak_31125
79064173	Peak_37501
79342480	Peak_23224
79342860	Peak_275963
79342860	Peak_63630
79344871	Peak_58103
79359095	Peak_14990
79380182	Peak_77299
79381843	Peak_71226
79487643	Peak_69162
80207209	Peak_29673
80207209	Peak_47383
80536294	Peak_13770
80536294	Peak_275430
80536294	Peak_84401
80662890	Peak_39550
86399857	Peak_46969
86400997	Peak_46969
86399857	Peak_46970
86400997	Peak_46970
86399857	Peak_48624
86400997	Peak_48624
86399857	Peak_6414
86400997	Peak_6414
86399857	Peak_92610
86400997	Peak_92610
86410884	Peak_22999
86410884	Peak_75068
86411536	Peak_68680
86535110	Peak_44893
86535110	Peak_4594
86602399	Peak_122890
88243857	Peak_30986
88243857	Peak_46129
89208107	Peak_85338
89837955	Peak_123979
89837955	Peak_195890
90930484	Peak_66411
91077726	Peak_20643
91528270	Peak_27747
91528270	Peak_94587
91556669	Peak_9694
91590384	Peak_80271
91590384	Peak_96335
91591447	Peak_83952
91597631	Peak_52430
91608459	Peak_34198
91608873	Peak_27113
91613464	Peak_173334
91613464	Peak_79159
91613464	Peak_95909
91883504	Peak_63806
91902102	Peak_150249
91902102	Peak_247834
91902102	Peak_36867
92591992	Peak_7061
92757039	Peak_56996
92822245	Peak_58327
93991816	Peak_60148
95295041	Peak_195934
95295041	Peak_49915
95309217	Peak_19108
97327964	Peak_57085
97571875	Peak_20454
97718700	Peak_19733
98269453	Peak_74743
99658681	Peak_36442
100346608	Peak_43780
100371127	Peak_15604
100371127	Peak_59035
100373006	Peak_207004
100373006	Peak_25597
100373006	Peak_4177
101042569	Peak_21850
101043220	Peak_21850
101042569	Peak_5644
101043220	Peak_5644
101061541	Peak_122171
101061541	Peak_18194
101061541	Peak_53373
101061541	Peak_7983
102460906	Peak_50117
102661119	Peak_79681
102669509	Peak_10389
103231002	Peak_145439
103231002	Peak_30656
103238776	Peak_74449
103238776	Peak_94653
103241383	Peak_13384
103241869	Peak_13384
103241383	Peak_37509
103241869	Peak_37509
104339623	Peak_11408
104339922	Peak_11408
104339623	Peak_68631
104339922	Peak_68631
104339623	Peak_72302
104339922	Peak_72302
104349846	Peak_241916
104349846	Peak_73444
104350227	Peak_33655
108465922	Peak_22192
108465922	Peak_58618
109975133	Peak_35829
109975133	Peak_89079
110395688	Peak_13022
110398675	Peak_16944
110399294	Peak_42959
110399633	Peak_42959
110410726	Peak_206647
110410726	Peak_36232
110426082	Peak_206370
110426082	Peak_48351
110840518	Peak_17244
110845281	Peak_105424
110845762	Peak_10531
110845762	Peak_17220
110857538	Peak_11412
110858266	Peak_26019
110865389	Peak_80059
112336107	Peak_66543
112360651	Peak_54923
112360651	Peak_93635
112361930	Peak_55930
112898732	Peak_43352
112898732	Peak_53076
113385419	Peak_11268
113399667	Peak_199013
113399667	Peak_35565
113945098	Peak_37421
113945379	Peak_37421
113945098	Peak_96984
113945379	Peak_96984
113958697	Peak_32303
113959493	Peak_67390
113960208	Peak_241105
113960775	Peak_241105
113960208	Peak_272110
113960775	Peak_272110
113960208	Peak_29436
113960775	Peak_29436
113960208	Peak_37915
113960775	Peak_37915
113982714	Peak_37365
114100949	Peak_142543
114100949	Peak_97907
114780092	Peak_177116
119006619	Peak_28615
119025363	Peak_63715
120979961	Peak_42371
120979961	Peak_45645
123995345	Peak_106291
123995345	Peak_58766
124106315	Peak_39809
124106581	Peak_39809
124152245	Peak_25254
124152561	Peak_107310
124152561	Peak_21729
124152561	Peak_72528
124152561	Peak_96173
124388986	Peak_10650
124388986	Peak_144979
126904643	Peak_106248
126904643	Peak_96166
129964114	Peak_39810
130111615	Peak_1482
130111615	Peak_225
130111615	Peak_3513
130111615	Peak_39453
131997808	Peak_35000
132065478	Peak_68955
132065478	Peak_69399
132395863	Peak_108747
132395863	Peak_20177
132395863	Peak_235433
132395863	Peak_31714
132418673	Peak_139722
132418673	Peak_25055
132421014	Peak_44910
132421014	Peak_46117
132421482	Peak_11628
132446628	Peak_201257
132446628	Peak_25926
132447356	Peak_126394
132447871	Peak_79054
132448413	Peak_23858
132453106	Peak_10332
132453262	Peak_10332
132459046	Peak_270237
132459046	Peak_30321
132459046	Peak_77368
132464119	Peak_28332
132508722	Peak_19502
132517059	Peak_8653
132518645	Peak_15791
133009667	Peak_66863
133010068	Peak_41233
133257533	Peak_38257
133257533	Peak_74865
133261165	Peak_34497
133261165	Peak_84626
133262236	Peak_19954
133278071	Peak_52304
355710	Peak_21962
355710	Peak_6673
568995	Peak_22574
568995	Peak_3254
727875	Peak_17690
727875	Peak_85506
1151901	Peak_55890
1153777	Peak_12051
1262576	Peak_106110
1262855	Peak_106110
1262576	Peak_13487
1262855	Peak_13487
1382825	Peak_236395
1382825	Peak_32029
1382825	Peak_50820
1547719	Peak_147967
1547719	Peak_97272
1548095	Peak_32175
1574247	Peak_14320
1574758	Peak_38280
1772637	Peak_19958
1826668	Peak_58287
1827000	Peak_122586
1827000	Peak_15647
2092954	Peak_7434
2093230	Peak_7434
2097401	Peak_36029
2099958	Peak_41975
2100445	Peak_46106
2930685	Peak_12683
2933377	Peak_43197
2940590	Peak_27107
2941072	Peak_25203
2998171	Peak_293612
2998594	Peak_293612
2998171	Peak_48099
2998594	Peak_48099
3000487	Peak_15463
3169553	Peak_164285
3169553	Peak_241667
6251192	Peak_18970
6251908	Peak_3488
6252786	Peak_3488
6258847	Peak_33155
6259403	Peak_33155
6258847	Peak_78578
6259403	Peak_78578
7905962	Peak_32243
9530133	Peak_109084
9530133	Peak_96482
9565995	Peak_22261
9569115	Peak_16765
9569327	Peak_28098
9613167	Peak_109246
9614642	Peak_109246
9613167	Peak_11856
9614642	Peak_11856
9613167	Peak_26405
9614642	Peak_26405
9613167	Peak_51913
9614642	Peak_51913
9613167	Peak_8113
9614642	Peak_8113
9758708	Peak_13084
9758708	Peak_22790
9758708	Peak_85508
9759658	Peak_21813
10294574	Peak_170469
10294574	Peak_242448
10307398	Peak_67511
10735693	Peak_10475
10735693	Peak_244497
10899359	Peak_18789
10899359	Peak_48205
10899359	Peak_52706
11243705	Peak_32527
11243705	Peak_69450
11813531	Peak_19463
12019370	Peak_37685
12066449	Peak_68963
12080166	Peak_103396
12086292	Peak_27310
12086292	Peak_77516
12090502	Peak_13784
12090502	Peak_294395
12269162	Peak_85525
12269694	Peak_62807
13008976	Peak_9844
13140662	Peak_235879
13140071	Peak_235879
13140662	Peak_28846
13140071	Peak_28846
13207908	Peak_97124
15901841	Peak_58767
15902039	Peak_58767
18383415	Peak_197059
18383415	Peak_7980
18384159	Peak_15923
19072497	Peak_18019
26947263	Peak_28912
27202066	Peak_29447
28566669	Peak_24457
32333128	Peak_173859
32333128	Peak_44783
33182333	Peak_103796
33182333	Peak_12079
33207545	Peak_178271
33207545	Peak_35377
33690346	Peak_15924
33690346	Peak_68744
33692239	Peak_27106
34028014	Peak_208635
34028014	Peak_39601
34028014	Peak_47760
34600571	Peak_34731
34600571	Peak_7593
34749834	Peak_18492
34749834	Peak_39544
34792281	Peak_172791
34825429	Peak_125367
34826274	Peak_125367
34825429	Peak_146315
34826274	Peak_146315
34825429	Peak_8893
34826274	Peak_8893
35082375	Peak_47149
35082375	Peak_68396
35236347	Peak_142762
43547093	Peak_118064
43547093	Peak_233561
43547093	Peak_53093
43547093	Peak_89121
43547093	Peak_95658
43555916	Peak_29736
43920638	Peak_25435
43987263	Peak_30198
43988008	Peak_30198
44955096	Peak_36649
44978759	Peak_19325
44978759	Peak_81332
44979610	Peak_13780
44980135	Peak_13780
44979610	Peak_26598
44980135	Peak_26598
45355632	Peak_54848
46237759	Peak_34525
46237759	Peak_35917
46237759	Peak_42523
46239178	Peak_22489
46243162	Peak_19133
46243162	Peak_93064
46266057	Peak_55689
46273851	Peak_12370
46274282	Peak_19192
46276056	Peak_15576
46276056	Peak_38083
46675286	Peak_17172
46718495	Peak_18255
46718495	Peak_96351
46920964	Peak_25296
46930089	Peak_36870
47330051	Peak_110706
47330051	Peak_35987
47400071	Peak_236362
47400071	Peak_98648
47916504	Peak_203562
47916504	Peak_86979
47917599	Peak_146071
47917599	Peak_17676
56885575	Peak_28913
56885575	Peak_38383
57083879	Peak_37569
57083879	Peak_69359
57277865	Peak_32389
57293082	Peak_19185
57294680	Peak_27949
60657988	Peak_12751
60658761	Peak_12751
60657988	Peak_34393
60658761	Peak_34393
61042162	Peak_31545
61173558	Peak_52898
61174069	Peak_7361
61175148	Peak_35111
61603074	Peak_36343
61626572	Peak_107571
61626572	Peak_25607
61747692	Peak_16878
61971489	Peak_25008
61971658	Peak_25008
61971489	Peak_9909
61971658	Peak_9909
61975213	Peak_43419
61978672	Peak_194005
61978672	Peak_31354
62042446	Peak_104712
62042446	Peak_17465
62105434	Peak_99558
62394911	Peak_55179
62395201	Peak_77185
62400751	Peak_52652
62402331	Peak_93467
62769949	Peak_49440
62770768	Peak_140562
63531351	Peak_21135
63565020	Peak_19507
63918121	Peak_72607
63920169	Peak_20436
64181770	Peak_21094
64331976	Peak_18166
64331976	Peak_29751
64357909	Peak_45506
64848732	Peak_15729
64888855	Peak_60308
64889107	Peak_60308
64893647	Peak_16885
65150731	Peak_31547
65150731	Peak_66271
65225211	Peak_58510
65305973	Peak_72260
65416540	Peak_30185
65418671	Peak_12199
65419177	Peak_12199
65418671	Peak_9960
65419177	Peak_9960
65420027	Peak_43488
65420240	Peak_43488
65421248	Peak_16976
65427319	Peak_298419
65427319	Peak_73535
65435996	Peak_89130
65455268	Peak_16381
65455268	Peak_43130
65471364	Peak_13757
65471631	Peak_13757
65471887	Peak_11933
65472461	Peak_11933
65477964	Peak_35201
65477964	Peak_8781
65478840	Peak_124981
65479275	Peak_38854
65479275	Peak_46824
65487883	Peak_2314
65487405	Peak_2314
65491784	Peak_27814
65493953	Peak_58780
65497328	Peak_1574
65506770	Peak_20528
65506770	Peak_66479
65653081	Peak_10260
65652462	Peak_10260
65653081	Peak_11631
65652462	Peak_11631
65695855	Peak_36765
65915707	Peak_44532
66311867	Peak_16467
66313043	Peak_16467
66311867	Peak_2211
66313043	Peak_2211
66311867	Peak_6772
66313043	Peak_6772
66317891	Peak_165813
66607119	Peak_88864
66743504	Peak_60021
66986070	Peak_15562
66986070	Peak_69685
67055328	Peak_22828
67262942	Peak_56244
67302785	Peak_48502
67312741	Peak_56318
67579582	Peak_23714
67614026	Peak_196848
67614026	Peak_78176
67657796	Peak_45591
68128237	Peak_5347
68128237	Peak_6810
68146102	Peak_9843
68146941	Peak_14035
68297792	Peak_23641
68297792	Peak_34209
68298565	Peak_78713
68855308	Peak_37612
68890658	Peak_104713
68890658	Peak_24448
68955057	Peak_60213
69122678	Peak_3815
69123040	Peak_3815
69122678	Peak_39023
69123040	Peak_39023
69127339	Peak_60312
69157297	Peak_74039
69278153	Peak_20564
69443262	Peak_19655
69449450	Peak_33586
69450073	Peak_33586
69449450	Peak_56770
69450073	Peak_56770
69497199	Peak_13528
69638941	Peak_23016
69915643	Peak_96739
69939847	Peak_173289
69939847	Peak_44444
69948896	Peak_24210
69949365	Peak_36513
71253011	Peak_143411
71253011	Peak_50308
71253011	Peak_51817
71299298	Peak_16207
73177427	Peak_34194
73177427	Peak_43414
73177427	Peak_67291
73779912	Peak_24637
73779912	Peak_442
73779912	Peak_5586
74672831	Peak_55553
74672831	Peak_64905
74672831	Peak_80170
74681818	Peak_50547
75372072	Peak_119909
75372072	Peak_239795
75372072	Peak_37726
75554693	Peak_24486
75558201	Peak_86230
75582860	Peak_18703
75583729	Peak_18703
75582860	Peak_52153
75583729	Peak_52153
75582860	Peak_63542
75583729	Peak_63542
76234994	Peak_18059
76234994	Peak_53919
76234994	Peak_80036
76234994	Peak_80106
76234994	Peak_80324
76234994	Peak_86955
76604791	Peak_85472
76629991	Peak_145196
76629991	Peak_294818
76630225	Peak_73269
76654408	Peak_77546
76654756	Peak_77546
76752783	Peak_41962
76769644	Peak_16520
76769870	Peak_16520
76770573	Peak_55219
76770881	Peak_38329
76771111	Peak_38329
76772498	Peak_64556
76772681	Peak_64556
76798914	Peak_170384
76798914	Peak_25533
76836291	Peak_16972
76836924	Peak_29385
78168705	Peak_37860
78168705	Peak_74989
83092652	Peak_12248
86174073	Peak_17939
86174073	Peak_19951
86174073	Peak_72018
86193580	Peak_13722
86740627	Peak_39138
86741996	Peak_45936
86743284	Peak_21497
86743284	Peak_43039
92224571	Peak_78847
93589268	Peak_29919
94876760	Peak_27885
94876928	Peak_27885
94927084	Peak_33371
94927084	Peak_42897
95074912	Peak_46903
95089027	Peak_56688
95150167	Peak_269021
95150167	Peak_29022
95150902	Peak_19442
95150902	Peak_195869
95150902	Peak_5892
95157917	Peak_70978
95337494	Peak_64506
95337576	Peak_64506
95338399	Peak_105148
95338399	Peak_55043
95459480	Peak_35172
95705592	Peak_26017
100633041	Peak_31385
101442050	Peak_5561
101442050	Peak_77641
102268634	Peak_207426
102268846	Peak_207426
102268634	Peak_4542
102268846	Peak_4542
108115638	Peak_11557
108115638	Peak_268733
110777855	Peak_32925
111230547	Peak_35815
111320676	Peak_43844
111320676	Peak_97190
111327824	Peak_10669
111334678	Peak_6774
111334892	Peak_6774
112280254	Peak_38872
112280254	Peak_95823
112290016	Peak_11834
112321628	Peak_177990
112321628	Peak_65332
112524877	Peak_147139
112524877	Peak_203074
112524877	Peak_59202
112564814	Peak_194680
112564814	Peak_31792
113778230	Peak_48146
113778230	Peak_80228
114036443	Peak_14670
114036443	Peak_71294
114315880	Peak_33594
114316154	Peak_33594
116808073	Peak_14912
116808073	Peak_21549
116808073	Peak_48384
118275195	Peak_108815
118316570	Peak_23265
118689520	Peak_270325
118689520	Peak_4273
118689520	Peak_8315
118792815	Peak_39145
118820433	Peak_32721
118869777	Peak_69147
118870113	Peak_19345
118870113	Peak_200549
118870113	Peak_30998
119196772	Peak_39931
119321692	Peak_67280
119337964	Peak_169345
119584188	Peak_122931
119584188	Peak_64367
119585014	Peak_97094
119585014	Peak_98068
119730078	Peak_69588
119904710	Peak_73671
119910295	Peak_78414
121416995	Peak_118105
121416995	Peak_31073
121655356	Peak_19735
121655356	Peak_32637
121655356	Peak_9166
121722349	Peak_147614
121722960	Peak_147614
121722349	Peak_42398
121722960	Peak_42398
121722349	Peak_77647
121722960	Peak_77647
122202747	Peak_195506
123195284	Peak_119033
123430939	Peak_80835
124763249	Peak_85855
124763497	Peak_85855
126080132	Peak_36301
126080132	Peak_84123
126102427	Peak_43040
126102427	Peak_67831
126113588	Peak_4399
126115240	Peak_45126
126115975	Peak_7012
126282485	Peak_72871
128290280	Peak_47463
128290280	Peak_95466
128291866	Peak_45749
128342488	Peak_17388
128342488	Peak_52488
128361668	Peak_30208
128424944	Peak_31850
128424944	Peak_36638
128453485	Peak_43941
128453485	Peak_60642
128624467	Peak_30005
129284971	Peak_67545
129323935	Peak_39047
129324573	Peak_59103
129862057	Peak_16810
130146344	Peak_13040
130146344	Peak_49221
130403417	Peak_35852
130478162	Peak_67182
130486810	Peak_31172
130487089	Peak_65188
130510641	Peak_51168
130522238	Peak_10884
130653830	Peak_19038
130654299	Peak_39221
134034036	Peak_17562
134037472	Peak_28998
134037472	Peak_31305
134050665	Peak_174414
134050665	Peak_42716
134412504	Peak_87134
719342	Peak_55065
751417	Peak_27129
1660001	Peak_12096
1935708	Peak_28483
1936449	Peak_10518
1936775	Peak_10518
1936449	Peak_165115
1936775	Peak_165115
1936449	Peak_86897
1936775	Peak_86897
3300262	Peak_34425
3300547	Peak_59974
4030970	Peak_31117
4030970	Peak_4180
6167394	Peak_140904
6167394	Peak_24565
6167394	Peak_80468
6182303	Peak_142983
6182303	Peak_92972
6278263	Peak_240410
6278917	Peak_240410
6278263	Peak_8714
6278917	Peak_8714
6279884	Peak_269953
6279884	Peak_30099
6294913	Peak_15759
6294913	Peak_64709
6345376	Peak_27666
6392642	Peak_26605
6423675	Peak_18785
6430277	Peak_10933
6430277	Peak_163496
6613004	Peak_33005
6613506	Peak_10076
6614007	Peak_10076
6613506	Peak_79907
6614007	Peak_79907
6613506	Peak_93427
6614007	Peak_93427
6778738	Peak_5797
6961793	Peak_11879
6961793	Peak_20623
6961793	Peak_53505
6961793	Peak_5949
6961793	Peak_63820
6965138	Peak_50473
7970996	Peak_120714
7970996	Peak_16001
7970996	Peak_73940
7989832	Peak_80630
9064216	Peak_16098
9065366	Peak_16098
9064216	Peak_18669
9065366	Peak_18669
9064216	Peak_294833
9065366	Peak_294833
9064216	Peak_39922
9065366	Peak_39922
9064216	Peak_8055
9065366	Peak_8055
10153689	Peak_24224
10153689	Peak_33833
10154042	Peak_236746
10363898	Peak_144892
10363898	Peak_37396
10363898	Peak_39032
10363898	Peak_49407
12032483	Peak_110013
12032483	Peak_50738
12032483	Peak_56581
12704136	Peak_41423
12704631	Peak_19775
13179721	Peak_68649
13390292	Peak_11802
14257855	Peak_10871
14260008	Peak_22032
14260546	Peak_43024
15910813	Peak_85063
24227018	Peak_41848
25276484	Peak_57605
25385149	Peak_106683
25385149	Peak_2816
25385149	Peak_37034
25385149	Peak_41205
25385149	Peak_56105
26870649	Peak_168718
26870649	Peak_32005
27014723	Peak_88693
27179646	Peak_144717
27179646	Peak_69487
27193788	Peak_73791
27331333	Peak_80681
30795341	Peak_64212
30795596	Peak_28363
30795596	Peak_77824
30795596	Peak_97147
30822391	Peak_25479
30822391	Peak_29722
30823153	Peak_33386
31733039	Peak_27267
31875115	Peak_204992
31875115	Peak_32951
38138257	Peak_144662
38138257	Peak_37005
38138257	Peak_58609
46473635	Peak_20985
46473854	Peak_20985
46492596	Peak_75410
47276664	Peak_72163
47276664	Peak_83866
48022934	Peak_163353
48023741	Peak_25697
48197850	Peak_3337
48197850	Peak_60737
48789654	Peak_26664
48883849	Peak_171748
48883849	Peak_8576
49061232	Peak_18095
49061232	Peak_38174
49061232	Peak_47460
49061232	Peak_50774
49061232	Peak_93364
49959797	Peak_16373
49960060	Peak_16373
50050401	Peak_172908
50050401	Peak_21047
50050401	Peak_69149
51814512	Peak_199051
51814512	Peak_199787
51814512	Peak_36302
51814512	Peak_88801
51820453	Peak_169096
51821126	Peak_169096
51820453	Peak_294752
51821126	Peak_294752
51820453	Peak_52037
51821126	Peak_52037
51820453	Peak_56800
51821126	Peak_56800
51846974	Peak_60022
51926304	Peak_208176
52081421	Peak_119358
52082058	Peak_39852
52093596	Peak_8504
52119436	Peak_16839
52119436	Peak_25198
52119436	Peak_38733
52147289	Peak_3608
52148563	Peak_16483
52151955	Peak_106520
52151955	Peak_49953
52348521	Peak_51802
52873835	Peak_146128
52874488	Peak_146128
52873835	Peak_15440
52874488	Peak_15440
52896443	Peak_103918
52896443	Peak_108879
52896443	Peak_50327
52896443	Peak_96726
53370738	Peak_24235
53371629	Peak_24235
53370738	Peak_758
53371629	Peak_758
53421400	Peak_17338
54359698	Peak_40693
54359698	Peak_4455
54428037	Peak_64232
54428550	Peak_63330
55681251	Peak_24081
55738440	Peak_67162
55847706	Peak_9248
57865075	Peak_11671
57865075	Peak_20330
57865075	Peak_30644
57888070	Peak_45466
57888490	Peak_296473
57888490	Peak_72120
57889528	Peak_66341
57893735	Peak_16042
57893981	Peak_16042
57896652	Peak_148368
57896652	Peak_40551
58425538	Peak_32732
58426098	Peak_38431
62632390	Peak_138977
62632390	Peak_243063
62632390	Peak_48567
62632390	Peak_53262
67515952	Peak_19821
67667810	Peak_32944
67710630	Peak_12005
68365227	Peak_15278
68365227	Peak_7403
68406091	Peak_17434
68451368	Peak_146522
68451889	Peak_146522
68451368	Peak_40052
68451889	Peak_40052
69331345	Peak_232488
69331345	Peak_71764
75722714	Peak_62521
75784602	Peak_14272
75943923	Peak_93712
75944186	Peak_16466
75944186	Peak_28791
75953543	Peak_140252
75977726	Peak_12245
75977726	Peak_175458
75977726	Peak_206995
76021174	Peak_126366
76021174	Peak_48511
79547054	Peak_175204
79547054	Peak_33639
88325337	Peak_56522
88325861	Peak_56522
88325337	Peak_72273
88325861	Peak_72273
88325337	Peak_95878
88325861	Peak_95878
88715940	Peak_112593
88715940	Peak_179478
88715940	Peak_20922
89225454	Peak_62548
89225792	Peak_18601
89346375	Peak_44934
89375907	Peak_17750
89390863	Peak_52631
89947885	Peak_38286
91778933	Peak_46388
91876995	Peak_39746
91876995	Peak_39851
92030653	Peak_33443
92065090	Peak_58911
92071117	Peak_72802
92363651	Peak_89882
92503751	Peak_123099
92543241	Peak_46155
92553528	Peak_64875
92561603	Peak_39665
93127508	Peak_143061
93127508	Peak_59940
93302679	Peak_69964
93302679	Peak_89885
93591749	Peak_37692
94101691	Peak_33527
94102102	Peak_239331
94102102	Peak_26746
94675819	Peak_201548
94675819	Peak_81337
94677833	Peak_80862
94704616	Peak_22924
95605844	Peak_62965
95605844	Peak_80371
95612258	Peak_15762
95623766	Peak_23854
95624592	Peak_16221
95628078	Peak_21187
95654003	Peak_104098
95654003	Peak_23842
96047518	Peak_51205
96047975	Peak_27273
98418334	Peak_12745
100163914	Peak_8678
103859148	Peak_48201
104177780	Peak_105607
104177780	Peak_299652
104177780	Peak_60316
106145593	Peak_144246
106145593	Peak_294595
108644095	Peak_45492
108644095	Peak_63593
108734386	Peak_80654
109115840	Peak_15480
110109023	Peak_40374
110109241	Peak_40374
110109023	Peak_49463
110109241	Peak_49463
110247358	Peak_14339
110247358	Peak_45142
110253204	Peak_39152
110744976	Peak_35518
111397155	Peak_44010
113142246	Peak_73682
113149693	Peak_26713
113149693	Peak_68373
116299223	Peak_53525
116318558	Peak_53876
116318753	Peak_31981
116319044	Peak_31981
116358857	Peak_4989
116359396	Peak_4989
116358857	Peak_69139
116359396	Peak_69139
116366435	Peak_33385
116434201	Peak_35816
116434747	Peak_51293
116455534	Peak_28916
116592122	Peak_26311
116599367	Peak_81226
116658870	Peak_33248
117033971	Peak_94124
117034323	Peak_104545
117140659	Peak_40676
117140659	Peak_43916
117141275	Peak_97670
118418427	Peak_19417
118418979	Peak_19417
118418427	Peak_40408
118418979	Peak_40408
119683843	Peak_55568
119683983	Peak_55568
120317247	Peak_3412
120321413	Peak_19548
120397866	Peak_119332
120397866	Peak_276517
120397866	Peak_299169
120584459	Peak_37810
120761583	Peak_47747
121712065	Peak_51089
122062809	Peak_47407
122062809	Peak_59780
122064114	Peak_33601
122072403	Peak_61998
122917474	Peak_212927
122917474	Peak_44088
123365894	Peak_40405
123365894	Peak_77760
123445855	Peak_70992
124608991	Peak_9381
124608991	Peak_97113
124625938	Peak_18619
124625938	Peak_56589
124654959	Peak_38971
124655377	Peak_32023
124655377	Peak_60020
124675872	Peak_125930
124679493	Peak_36712
124681418	Peak_84788
124682045	Peak_108524
124683248	Peak_64337
124700903	Peak_25965
124700903	Peak_269824
124740678	Peak_144983
124740678	Peak_241500
124742075	Peak_18170
124745932	Peak_7032
124754985	Peak_25934
124767040	Peak_54128
124904630	Peak_105426
124905034	Peak_105426
124904630	Peak_9233
124905034	Peak_9233
124928309	Peak_19486
124939987	Peak_18416
124939987	Peak_19741
124939987	Peak_40875
124940625	Peak_17085
125049837	Peak_3825
125049837	Peak_97273
130871087	Peak_39386
132189403	Peak_8409
132489234	Peak_55370
19602192	Peak_55242
19602192	Peak_80198
20120391	Peak_11548
20128220	Peak_25146
20128220	Peak_35323
20128220	Peak_43858
20128220	Peak_66881
21297936	Peak_33181
21298736	Peak_33181
21297936	Peak_6975
21298736	Peak_6975
21297936	Peak_92543
21298736	Peak_92543
21466129	Peak_241016
21466129	Peak_5164
21466129	Peak_59592
21466555	Peak_30930
21669896	Peak_110416
21669896	Peak_139951
21669896	Peak_73453
21669896	Peak_97004
23558827	Peak_28578
23558827	Peak_72452
24348821	Peak_15718
24348821	Peak_5309
24626130	Peak_169818
26962224	Peak_52489
26962224	Peak_60172
26962224	Peak_80978
26968601	Peak_22629
26968824	Peak_22629
27019772	Peak_42835
27022535	Peak_38368
27022535	Peak_44640
27373184	Peak_23317
27403380	Peak_103551
27404380	Peak_103551
27403380	Peak_141340
27404380	Peak_141340
27403380	Peak_195426
27404380	Peak_195426
27403380	Peak_25917
27404380	Peak_25917
27403380	Peak_39565
27404380	Peak_39565
27403380	Peak_58863
27404380	Peak_58863
27953236	Peak_17855
27953236	Peak_20274
27953236	Peak_31824
27953236	Peak_9250
27954372	Peak_62254
27960405	Peak_139366
27960405	Peak_146667
27960405	Peak_147946
27960405	Peak_18577
29919092	Peak_39368
29923686	Peak_3457
29924235	Peak_3457
29923686	Peak_87278
29924235	Peak_87278
29925471	Peak_17140
30113046	Peak_29979
30113984	Peak_197642
30113984	Peak_60304
30114622	Peak_14428
30114622	Peak_22609
30125652	Peak_40995
30128088	Peak_23048
30133508	Peak_30982
30143027	Peak_77273
30342227	Peak_24873
30408730	Peak_11069
30408730	Peak_9645
30422528	Peak_13390
30422528	Peak_17537
30422528	Peak_207259
30422528	Peak_5386
30445471	Peak_12904
30445471	Peak_272593
30673754	Peak_8859
30803166	Peak_23491
30865365	Peak_20352
30870041	Peak_14297
30870041	Peak_34739
31044635	Peak_44412
31045329	Peak_35749
31045728	Peak_18684
31927343	Peak_118462
31927343	Peak_35845
31951167	Peak_67793
33509585	Peak_26263
33610465	Peak_103829
33610465	Peak_173608
33610465	Peak_48073
33610465	Peak_67852
33642469	Peak_53649
33643021	Peak_53649
33642469	Peak_81388
33643021	Peak_81388
33643300	Peak_41373
33676929	Peak_34630
33679645	Peak_15587
33679645	Peak_18223
33679645	Peak_77693
34156868	Peak_7075
34162133	Peak_124369
34162607	Peak_124369
34162133	Peak_29702
34162607	Peak_29702
34162133	Peak_51008
34162607	Peak_51008
34347783	Peak_17752
36920834	Peak_64441
40149755	Peak_32397
40190594	Peak_32123
40206736	Peak_126588
40206736	Peak_49577
40206736	Peak_78725
40221434	Peak_60568
40352560	Peak_107034
40402397	Peak_23659
40403009	Peak_198109
40441377	Peak_49324
44108366	Peak_18677
44132656	Peak_14921
44141705	Peak_27156
44141705	Peak_795
44198973	Peak_107644
44198973	Peak_80402
44199729	Peak_54778
44218509	Peak_11166
44218509	Peak_21028
44231882	Peak_13834
44259181	Peak_139980
44259181	Peak_56672
44271015	Peak_118090
44274340	Peak_24305
44300894	Peak_28022
44306404	Peak_28484
44306404	Peak_78344
44309795	Peak_45219
44311026	Peak_203435
44735720	Peak_145140
44735720	Peak_76701
44758600	Peak_240739
44759197	Peak_240739
44758600	Peak_50862
44759197	Peak_50862
44758600	Peak_71180
44759197	Peak_71180
44760000	Peak_17185
44760291	Peak_17185
44764462	Peak_59001
44765090	Peak_36427
44796711	Peak_162086
44797248	Peak_162086
44796711	Peak_200266
44797248	Peak_200266
44796711	Peak_64015
44797248	Peak_64015
44854274	Peak_10634
44854274	Peak_27955
44905093	Peak_80863
44917679	Peak_5090
44917679	Peak_51208
44917679	Peak_9976
44922064	Peak_24493
44922673	Peak_24493
44922064	Peak_25449
44922673	Peak_25449
45329729	Peak_50249
45367680	Peak_44911
45373507	Peak_57334
46759257	Peak_296105
46759932	Peak_142437
48750078	Peak_43889
48750078	Peak_76855
49303676	Peak_51840
49858162	Peak_20867
49858162	Peak_72166
52195422	Peak_16144
52599565	Peak_124896
52599565	Peak_270508
52599565	Peak_86854
73138994	Peak_21974
73138994	Peak_26540
73140939	Peak_55769
73194209	Peak_274517
73194209	Peak_30624
73210281	Peak_49924
73210281	Peak_58843
74288095	Peak_16116
79936234	Peak_25724
79936234	Peak_299507
79936234	Peak_66713
80011748	Peak_34065
80011748	Peak_84850
80400106	Peak_24521
80400106	Peak_77619
94548815	Peak_122877
94550100	Peak_122877
94548815	Peak_15673
94550100	Peak_15673
94548815	Peak_22140
94550100	Peak_22140
94548815	Peak_47964
94550100	Peak_47964
94548815	Peak_95282
94550100	Peak_95282
94713284	Peak_44848
95314763	Peak_16874
96848131	Peak_170750
96848131	Peak_83927
96848131	Peak_97887
98650205	Peak_16445
99496967	Peak_36141
99498931	Peak_3075
106100111	Peak_17455
106349030	Peak_38594
106349030	Peak_67745
106472253	Peak_31171
106472253	Peak_45604
106473073	Peak_40557
106475853	Peak_44483
109869902	Peak_18831
109869902	Peak_270335
109869902	Peak_87360
110094858	Peak_23954
110126409	Peak_272731
110126409	Peak_58525
110520824	Peak_68854
110575813	Peak_123613
110575482	Peak_123613
110575813	Peak_124001
110575482	Peak_124001
110576800	Peak_13813
110576800	Peak_266434
110590561	Peak_12509
110590561	Peak_195678
110869789	Peak_204766
110869789	Peak_62859
110869789	Peak_9141
111006801	Peak_27465
111007068	Peak_27465
112893607	Peak_33348
113153127	Peak_121578
113153127	Peak_173045
113153127	Peak_32676
113153127	Peak_37832
113647432	Peak_7048
113647754	Peak_7048
113647432	Peak_71916
113647754	Peak_71916
113664787	Peak_13284
113881666	Peak_28587
113881666	Peak_34601
113928760	Peak_44684
113971020	Peak_5952
20418552	Peak_39812
20477504	Peak_139626
20477504	Peak_78850
20807557	Peak_204816
20807557	Peak_51053
20848547	Peak_61314
20848850	Peak_61314
20848547	Peak_75502
20848850	Peak_75502
20848547	Peak_90017
20848850	Peak_90017
21915574	Peak_55164
21916185	Peak_13854
22370313	Peak_42087
22432629	Peak_17492
22432823	Peak_17492
22537173	Peak_28657
22556547	Peak_85822
22556952	Peak_23577
22557280	Peak_23577
22556952	Peak_32071
22557280	Peak_32071
22597422	Peak_42840
22850996	Peak_21148
22851442	Peak_68834
22852814	Peak_14142
22852814	Peak_30840
22853489	Peak_23379
23120998	Peak_17702
23365795	Peak_165795
23611426	Peak_24647
23613242	Peak_81248
23613242	Peak_96501
24036775	Peak_19948
24036775	Peak_32238
24036775	Peak_8529
24051496	Peak_68533
24398455	Peak_63331
24678951	Peak_20395
25111055	Peak_18286
30223963	Peak_19374
31229640	Peak_2939
31230024	Peak_2939
31258033	Peak_40936
31944246	Peak_37487
31944246	Peak_74785
33916869	Peak_25399
33917518	Peak_25399
35331697	Peak_58972
35332122	Peak_19490
35336462	Peak_10720
35336462	Peak_17498
35341541	Peak_1815
35365535	Peak_24340
35384535	Peak_123679
35384680	Peak_123679
35384535	Peak_72679
35384680	Peak_72679
35385562	Peak_34519
36228126	Peak_37401
36256385	Peak_31906
37583537	Peak_36613
37583537	Peak_60933
37584373	Peak_167807
37584373	Peak_29618
37584373	Peak_299792
37584373	Peak_88918
49641723	Peak_26162
49642075	Peak_26162
49946065	Peak_268480
49950860	Peak_25143
49970474	Peak_81173
49972938	Peak_60555
49987332	Peak_43300
49987705	Peak_43300
49999195	Peak_20639
50000550	Peak_86665
50000550	Peak_98502
50001137	Peak_30700
50003176	Peak_24741
50018162	Peak_17080
50018593	Peak_17080
50018162	Peak_53872
50018593	Peak_53872
50040532	Peak_52424
50045022	Peak_10079
50045372	Peak_10079
50061759	Peak_78753
50062138	Peak_64715
50062138	Peak_78334
53509451	Peak_56117
55102152	Peak_13478
55103204	Peak_13796
55107811	Peak_26335
55107811	Peak_27697
55122581	Peak_195942
55122581	Peak_203089
55122581	Peak_7674
55122581	Peak_88995
55706284	Peak_33363
55731508	Peak_38442
55752898	Peak_125018
55753277	Peak_125018
55752898	Peak_32915
55753277	Peak_32915
55780234	Peak_175007
55780234	Peak_242644
55780234	Peak_54164
55806853	Peak_4619
55827009	Peak_67173
55832025	Peak_17475
56333725	Peak_45371
56342063	Peak_107975
56856147	Peak_20456
56856147	Peak_236753
61102426	Peak_81069
61103553	Peak_34914
61104020	Peak_34914
61103553	Peak_94444
61104020	Peak_94444
61662381	Peak_25010
64611426	Peak_75524
64625689	Peak_41354
64682174	Peak_34357
64682174	Peak_53176
65156727	Peak_118842
65156727	Peak_138374
65156727	Peak_280835
65156727	Peak_84170
65227289	Peak_13245
65227289	Peak_40480
65230486	Peak_43460
65230819	Peak_43460
65250279	Peak_31229
65255010	Peak_60046
65255632	Peak_60005
65258389	Peak_43258
65301987	Peak_16983
65334903	Peak_69454
65354452	Peak_53197
65354702	Peak_28710
65356625	Peak_23827
65361913	Peak_121890
68762913	Peak_14960
68780788	Peak_36334
68780788	Peak_66359
68784497	Peak_23892
68806686	Peak_199270
68806686	Peak_29961
68806686	Peak_36441
68816244	Peak_17853
68816244	Peak_8800
68819237	Peak_66614
68843671	Peak_100097
69005911	Peak_34710
69042935	Peak_56024
70640990	Peak_271039
70640990	Peak_31019
70698348	Peak_26367
70698574	Peak_26367
74619678	Peak_26250
74939750	Peak_104881
74940275	Peak_104881
74939750	Peak_27294
74940275	Peak_27294
75229607	Peak_24317
75229746	Peak_24317
75229607	Peak_40909
75229746	Peak_40909
75230656	Peak_47374
75237347	Peak_109997
75237347	Peak_81194
75254380	Peak_28372
75258702	Peak_2411
75259458	Peak_2411
75258702	Peak_295547
75259458	Peak_295547
75310579	Peak_25784
75400279	Peak_13249
76294177	Peak_142769
76294177	Peak_19647
76904075	Peak_36715
76904916	Peak_64145
76913439	Peak_59162
76913713	Peak_79703
76918324	Peak_2207
76919220	Peak_2207
76918324	Peak_243529
76919220	Peak_243529
76918324	Peak_43679
76919220	Peak_43679
76919554	Peak_73309
76946781	Peak_7981
76946781	Peak_88181
76948288	Peak_46197
76953465	Peak_28948
76953465	Peak_38771
76956267	Peak_11630
76961791	Peak_16709
76962265	Peak_16709
76999098	Peak_18188
77004289	Peak_22055
77007858	Peak_10301
77011329	Peak_49470
77023487	Peak_32502
77023648	Peak_32502
77032842	Peak_51002
77033186	Peak_17783
77034136	Peak_18564
77040627	Peak_2995
77040148	Peak_2995
77040627	Peak_36202
77040148	Peak_36202
77045660	Peak_56466
77051256	Peak_62233
77641836	Peak_31637
77642357	Peak_31637
77641836	Peak_50803
77642357	Peak_50803
77980828	Peak_9557
80419643	Peak_16149
81169733	Peak_11267
81169733	Peak_3049
81169733	Peak_45119
81169733	Peak_68736
81169733	Peak_95852
89040819	Peak_26789
89040819	Peak_31842
89040819	Peak_32107
89040819	Peak_5759
89701321	Peak_14009
89701843	Peak_14009
89701321	Peak_58450
89701843	Peak_58450
90383895	Peak_30601
90383895	Peak_46937
90409216	Peak_35618
90419220	Peak_39517
90419480	Peak_39517
90454266	Peak_15437
90454482	Peak_15437
90512733	Peak_56940
90513552	Peak_3423
90522646	Peak_30996
90522646	Peak_74040
91263895	Peak_88494
91264359	Peak_60468
91264531	Peak_60468
92785716	Peak_32881
94975109	Peak_62459
95322757	Peak_52557
95483545	Peak_12476
95507214	Peak_43275
95507707	Peak_104699
95507707	Peak_53332
95516045	Peak_36030
95516739	Peak_143304
95516739	Peak_164963
95516739	Peak_21662
96038042	Peak_45905
96038909	Peak_23287
96039454	Peak_23287
96038909	Peak_266979
96039454	Peak_266979
96038909	Peak_79116
96039454	Peak_79116
96053983	Peak_58800
96095812	Peak_84948
96106078	Peak_52637
96177017	Peak_126812
99737083	Peak_67458
100187730	Peak_12568
100187730	Peak_15401
100192629	Peak_778
100193185	Peak_778
100213978	Peak_18002
100214714	Peak_18002
100213978	Peak_4775
100214714	Peak_4775
100221543	Peak_19439
100221843	Peak_19439
100221543	Peak_79916
100221843	Peak_79916
100232383	Peak_214710
100232383	Peak_48784
100284949	Peak_10169
100285646	Peak_10169
100284949	Peak_23006
100285646	Peak_23006
100284949	Peak_78345
100285646	Peak_78345
100677296	Peak_296790
100677296	Peak_53303
101705969	Peak_126214
101705969	Peak_137222
101707607	Peak_104421
101707607	Peak_59291
101707607	Peak_78273
101707607	Peak_95804
101731214	Peak_15677
101731736	Peak_42843
101948915	Peak_203781
101948915	Peak_208797
101948915	Peak_25584
101948915	Peak_727
102316870	Peak_12188
102524255	Peak_1051
102524255	Peak_206500
102524255	Peak_28945
102590852	Peak_59283
103074931	Peak_22633
103075186	Peak_22633
103075424	Peak_12684
103091369	Peak_295747
103091369	Peak_37783
103094495	Peak_121604
103094495	Peak_142674
103094495	Peak_147973
103110591	Peak_240401
103110591	Peak_64964
103110591	Peak_96391
103122139	Peak_59700
103273205	Peak_152089
103512666	Peak_36546
103512666	Peak_62255
103512666	Peak_72977
103518726	Peak_40756
103523188	Peak_92406
103854843	Peak_110988
103854843	Peak_266536
103854843	Peak_269454
103854843	Peak_31348
103867360	Peak_19852
103867360	Peak_85466
103871582	Peak_121365
103871582	Peak_12223
103871582	Peak_137779
103871582	Peak_59481
103879621	Peak_107669
103879621	Peak_17051
103879621	Peak_80700
103879621	Peak_8252
103881362	Peak_52014
103889469	Peak_25033
103889469	Peak_46271
103890836	Peak_41224
103891152	Peak_41224
103891277	Peak_140705
103897014	Peak_24460
103897246	Peak_24460
103910142	Peak_11211
104116873	Peak_14166
104116873	Peak_53860
104362556	Peak_22798
104362556	Peak_52377
104436390	Peak_42360
104436390	Peak_42682
104665573	Peak_12039
104665573	Peak_80771
104677575	Peak_22548
104677575	Peak_45908
104680186	Peak_23004
104680186	Peak_244598
104680186	Peak_86657
104680930	Peak_20509
104681294	Peak_33358
104681750	Peak_23005
104686936	Peak_105111
104688151	Peak_24543
104688151	Peak_5948
104723627	Peak_55261
104826158	Peak_13270
104826158	Peak_45854
105091542	Peak_14768
105093205	Peak_39304
105094025	Peak_20387
105196535	Peak_51162
105472745	Peak_121837
105480898	Peak_106895
105480898	Peak_13056
105480898	Peak_46234
105480898	Peak_8911
106844680	Peak_194187
106844680	Peak_85671
106845287	Peak_270466
106845287	Peak_53382
29671412	Peak_12856
29671412	Peak_86047
29686932	Peak_41207
29687377	Peak_17429
29687377	Peak_29223
31214942	Peak_85190
31215275	Peak_10354
31216675	Peak_10354
31215275	Peak_111049
31216675	Peak_111049
31215275	Peak_11106
31216675	Peak_11106
31215275	Peak_20435
31216675	Peak_20435
31223473	Peak_108460
31224103	Peak_56269
31236352	Peak_126710
31236352	Peak_49526
31264026	Peak_41066
31264026	Peak_95454
31265274	Peak_169142
31265274	Peak_58465
31296866	Peak_10202
35691227	Peak_16905
35691227	Peak_53438
35705491	Peak_66617
35705862	Peak_17974
35706106	Peak_17974
38069561	Peak_50772
38072337	Peak_201979
38073219	Peak_201979
38072337	Peak_30182
38073219	Peak_30182
38072337	Peak_33321
38073219	Peak_33321
39128182	Peak_42929
39128182	Peak_87620
39171987	Peak_28582
39172316	Peak_28582
39358444	Peak_137518
39358444	Peak_28785
39427087	Peak_70054
39434838	Peak_232034
39434838	Peak_88712
39473223	Peak_174429
39473223	Peak_36604
39473223	Peak_58801
40047338	Peak_121877
40047338	Peak_203095
40047338	Peak_98700
40055229	Peak_63797
40055851	Peak_30983
40055851	Peak_45939
40069115	Peak_3758
40081708	Peak_23340
40082050	Peak_23340
40081708	Peak_233564
40082050	Peak_233564
40081708	Peak_96636
40082050	Peak_96636
40322992	Peak_67928
40322992	Peak_6981
40322992	Peak_79157
40322992	Peak_8569
40871967	Peak_20682
40906005	Peak_6577
40941408	Peak_11731
40942085	Peak_11731
40941408	Peak_33353
40942085	Peak_33353
40960681	Peak_146632
40960681	Peak_22293
41894673	Peak_22511
41980812	Peak_21760
42057029	Peak_19699
42057029	Peak_27738
44784108	Peak_106790
44784108	Peak_21354
44784108	Peak_47953
44784108	Peak_74327
45278931	Peak_755
45855617	Peak_104818
45855617	Peak_25608
48393651	Peak_34408
48976049	Peak_12692
48976049	Peak_58620
50885202	Peak_67854
50885444	Peak_67854
50885942	Peak_26428
51030610	Peak_38448
57306219	Peak_118070
57306885	Peak_118070
57306219	Peak_145798
57306885	Peak_145798
57306219	Peak_32963
57306885	Peak_32963
57312369	Peak_53611
57922841	Peak_19362
57923392	Peak_39447
60408422	Peak_25306
60408685	Peak_25306
60413995	Peak_77304
62135823	Peak_40135
62897030	Peak_15331
62897030	Peak_295841
62940658	Peak_62035
62941116	Peak_62035
62940658	Peak_62564
62941116	Peak_62564
63073706	Peak_69360
63460370	Peak_144631
63460734	Peak_144631
63460370	Peak_297099
63460734	Peak_297099
63460370	Peak_56724
63460734	Peak_56724
63463858	Peak_92936
63474196	Peak_148059
63474578	Peak_143636
63474578	Peak_293134
63474578	Peak_68778
64775963	Peak_63332
65088478	Peak_73980
65304957	Peak_119989
65304957	Peak_144901
65304957	Peak_15392
65304957	Peak_8503
66617433	Peak_15076
66619225	Peak_38378
66803123	Peak_162620
66803123	Peak_5210
66842028	Peak_12880
66842028	Peak_146401
66843065	Peak_36590
66843065	Peak_37234
66851230	Peak_26621
66883348	Peak_21076
66883730	Peak_21076
66932127	Peak_55296
67024567	Peak_31004
67048205	Peak_26727
67048732	Peak_7696
67049006	Peak_7696
67839076	Peak_41949
67863470	Peak_35899
67863470	Peak_55140
67884439	Peak_14649
67914957	Peak_34884
67915421	Peak_25924
67915421	Peak_41824
67927879	Peak_41165
67943900	Peak_11914
67968019	Peak_100217
67968019	Peak_48809
69466059	Peak_27665
69467731	Peak_37477
69468840	Peak_123107
69468211	Peak_123107
69468840	Peak_25944
69468211	Peak_25944
69468840	Peak_45579
69468211	Peak_45579
69524465	Peak_109289
69557696	Peak_47911
69561348	Peak_23469
69594316	Peak_6276
69594538	Peak_6276
69594316	Peak_81442
69594538	Peak_81442
69595516	Peak_15302
69795827	Peak_139334
70023812	Peak_46046
70111487	Peak_30666
70111487	Peak_73290
70154574	Peak_123495
70154574	Peak_143112
70165787	Peak_168639
70165787	Peak_276326
70195986	Peak_42796
70301391	Peak_59879
70321053	Peak_34663
70376952	Peak_105610
70376952	Peak_140576
70376952	Peak_206869
70474542	Peak_10393
70475066	Peak_10393
70474542	Peak_294655
70475066	Peak_294655
70494904	Peak_49564
70800447	Peak_27591
72154997	Peak_18472
72154997	Peak_23482
72154997	Peak_52163
72154997	Peak_56547
72237447	Peak_44478
73683696	Peak_39425
74051674	Peak_140945
74051674	Peak_72360
74373930	Peak_10804
74373930	Peak_138276
74373930	Peak_18731
74373930	Peak_200586
74396997	Peak_34696
75176479	Peak_40533
75178250	Peak_273754
75178250	Peak_55120
75596916	Peak_18226
75597644	Peak_74683
75663904	Peak_35287
75663904	Peak_59280
75666741	Peak_24119
75672697	Peak_124226
75672697	Peak_30500
75672697	Peak_36694
75672697	Peak_77672
75738175	Peak_1902
75738175	Peak_62645
75738175	Peak_64176
75758718	Peak_108024
75758718	Peak_22780
77497038	Peak_56249
77496739	Peak_56249
77506514	Peak_208107
77506514	Peak_84320
77507199	Peak_50411
77507506	Peak_18664
77507506	Peak_97862
77508448	Peak_107983
77508633	Peak_107983
78316527	Peak_33749
78316527	Peak_95432
78374540	Peak_16022
78374540	Peak_16787
78374540	Peak_51899
78950438	Peak_63151
80999716	Peak_52819
84654774	Peak_34706
84734902	Peak_215896
84734902	Peak_22705
85330929	Peak_21311
85357986	Peak_14740
85358084	Peak_14740
85837396	Peak_17235
85838702	Peak_40430
85840517	Peak_12807
88455357	Peak_205683
88455357	Peak_44659
88705511	Peak_143392
88705511	Peak_67151
88897380	Peak_20638
89828383	Peak_237295
89828383	Peak_66674
90104240	Peak_26249
90104610	Peak_57358
90126134	Peak_55510
90126676	Peak_26264
90158092	Peak_12879
90158092	Peak_4022
90315694	Peak_41080
90660534	Peak_55223
90665025	Peak_123867
90665025	Peak_273225
90665025	Peak_40690
90839662	Peak_23365
90839662	Peak_67722
91459421	Peak_32224
92614631	Peak_20547
92820286	Peak_12161
92820712	Peak_12161
93028675	Peak_103528
93028675	Peak_38306
93029850	Peak_67388
93030710	Peak_71517
93485927	Peak_26613
94844591	Peak_27476
94844591	Peak_31178
94844591	Peak_38836
94844591	Peak_40805
95260144	Peak_110882
96160826	Peak_33450
96162319	Peak_21785
96171495	Peak_17978
96351767	Peak_21569
96351767	Peak_47803
96351767	Peak_54115
96409623	Peak_97383
96416685	Peak_52891
96416685	Peak_54136
97978019	Peak_55903
97979039	Peak_56763
97992382	Peak_28154
98428499	Peak_51065
98548202	Peak_44479
98548202	Peak_87295
99015316	Peak_14363
99059214	Peak_165041
99059214	Peak_29041
99425138	Peak_55180
99425348	Peak_55180
99435491	Peak_109178
99435491	Peak_35615
99442279	Peak_30522
99442279	Peak_86068
99452754	Peak_52615
99454834	Peak_7690
99455160	Peak_7690
99476491	Peak_30131
99486661	Peak_36552
99486661	Peak_78727
99507431	Peak_237971
99507431	Peak_58166
100350685	Peak_33398
100918225	Peak_26736
101121544	Peak_41834
101127749	Peak_45983
101128273	Peak_103658
101167704	Peak_32672
101167704	Peak_35027
101168486	Peak_49228
101267303	Peak_206620
101267303	Peak_55838
101528103	Peak_46045
101528249	Peak_46045
101528103	Peak_53321
101528249	Peak_53321
101528103	Peak_62966
101528249	Peak_62966
424545	Peak_57196
1331790	Peak_62347
2023491	Peak_11587
2023491	Peak_28997
2039585	Peak_49310
2531701	Peak_1852
2532603	Peak_1852
2531701	Peak_39507
2532603	Peak_39507
2867919	Peak_11051
2867919	Peak_20899
2867919	Peak_67833
2904209	Peak_13096
2904209	Peak_87605
3022385	Peak_36113
3106186	Peak_7125
3106883	Peak_7125
3124015	Peak_12030
3124015	Peak_166126
3124015	Peak_72860
3124015	Peak_8072
3149676	Peak_30264
3149676	Peak_71342
3150731	Peak_6983
4293753	Peak_296235
4293753	Peak_59544
4299058	Peak_9386
9047657	Peak_9320
9123944	Peak_27807
10514392	Peak_35252
10617105	Peak_41328
10827652	Peak_117792
10827652	Peak_34667
10828767	Peak_8195
10871136	Peak_13892
10871136	Peak_37622
11233024	Peak_120744
11233024	Peak_162048
11233024	Peak_95987
11640328	Peak_27542
13909741	Peak_7802
13910165	Peak_7802
13958014	Peak_21562
13958014	Peak_35913
14013642	Peak_137655
14013642	Peak_61368
15858155	Peak_68791
15946344	Peak_71389
19382348	Peak_44374
19396496	Peak_24912
19396496	Peak_29286
21507091	Peak_14596
21514138	Peak_60475
21520394	Peak_11971
21520394	Peak_4883
22685295	Peak_13870
24700907	Peak_18688
24701267	Peak_18688
24838710	Peak_25244
25106578	Peak_18025
25106578	Peak_52860
27222582	Peak_45962
27222582	Peak_74917
27367783	Peak_121053
27367783	Peak_45178
27367783	Peak_73381
28532401	Peak_11680
28945383	Peak_14623
29259708	Peak_204725
29259708	Peak_29354
29265294	Peak_7940
29290604	Peak_63853
29290604	Peak_9596
29310873	Peak_18136
29311208	Peak_18136
29855626	Peak_19749
30124362	Peak_72249
30634734	Peak_2427
30634734	Peak_50412
30813974	Peak_171345
30813974	Peak_2485
30813974	Peak_73482
47037621	Peak_18371
47037621	Peak_74161
47735240	Peak_8690
48623232	Peak_18224
48623232	Peak_71955
49858419	Peak_197253
49858419	Peak_207260
49858716	Peak_138920
51151598	Peak_80273
51151984	Peak_53069
51152576	Peak_53069
51151984	Peak_97324
51152576	Peak_97324
51923922	Peak_109202
51923922	Peak_171891
52256418	Peak_34890
52256418	Peak_72167
52562058	Peak_33232
52565554	Peak_11817
52565554	Peak_17633
52573908	Peak_26466
53041638	Peak_83657
53044181	Peak_39962
54655121	Peak_52748
54929362	Peak_14973
54929362	Peak_498
54929664	Peak_15430
56607163	Peak_41763
56617311	Peak_17079
56627393	Peak_41560
57304142	Peak_39251
57314224	Peak_104436
57314224	Peak_60505
57600359	Peak_23034
57607327	Peak_7348
57609654	Peak_27277
57610052	Peak_27277
57609654	Peak_35858
57610052	Peak_35858
58024548	Peak_37764
58024548	Peak_8356
67013886	Peak_50960
67013886	Peak_74147
67428418	Peak_39919
67489065	Peak_71506
67546852	Peak_26121
67547193	Peak_26121
67672989	Peak_45249
67673570	Peak_124009
67673570	Peak_124971
68470674	Peak_173482
68491967	Peak_139731
68491967	Peak_79689
68492856	Peak_3180
69482057	Peak_126842
69482057	Peak_20732
69482057	Peak_83742
73070559	Peak_21098
73172641	Peak_36376
75111013	Peak_20584
75111013	Peak_54786
75594343	Peak_26034
75594539	Peak_97554
79287265	Peak_109314
79400886	Peak_52444
80932068	Peak_32010
80932644	Peak_32010
80932068	Peak_39250
80932644	Peak_39250
80932068	Peak_88198
80932644	Peak_88198
81237581	Peak_22648
81394987	Peak_171458
81394987	Peak_43171
81730105	Peak_296917
81730105	Peak_7527
82033736	Peak_19246
82033736	Peak_54896
82330178	Peak_11493
84284106	Peak_30692
84786773	Peak_104591
84786773	Peak_56831
84922498	Peak_119531
84922498	Peak_64268
84922498	Peak_84299
84928751	Peak_29240
84952508	Peak_15603
84952508	Peak_172652
84972791	Peak_39634
85026410	Peak_84055
85130396	Peak_140622
85136925	Peak_10778
85136925	Peak_140659
85151586	Peak_45495
85202776	Peak_86340
85206862	Peak_62983
85220150	Peak_26795
85234550	Peak_193662
85235345	Peak_92491
85235345	Peak_96747
85291497	Peak_66656
85306165	Peak_17315
85306379	Peak_17315
85321804	Peak_37751
85322264	Peak_37751
85321804	Peak_9543
85322264	Peak_9543
85335044	Peak_10172
85335044	Peak_293163
85335044	Peak_35057
85350977	Peak_17144
85353924	Peak_63043
85360481	Peak_175474
85360481	Peak_244248
85360481	Peak_78459
85361810	Peak_8092
85370090	Peak_37730
85370660	Peak_18964
85376340	Peak_203090
85376340	Peak_63618
85395385	Peak_38964
85423034	Peak_6544
85436934	Peak_43676
85437366	Peak_18423
85446199	Peak_27583
85448913	Peak_119359
85448913	Peak_17043
85453280	Peak_109508
85492233	Peak_21944
85491953	Peak_21944
85514444	Peak_30866
85514444	Peak_47842
85514444	Peak_49561
85516103	Peak_40314
85521042	Peak_18284
85523694	Peak_46933
85535805	Peak_137613
85535805	Peak_93471
85553682	Peak_18994
85553682	Peak_48645
85563561	Peak_23728
85563561	Peak_68429
85568532	Peak_50316
85573960	Peak_110547
85610657	Peak_38815
85610979	Peak_33957
85753103	Peak_32038
85753435	Peak_27816
86303828	Peak_73769
86343097	Peak_138123
86343097	Peak_57377
86518092	Peak_52360
87493309	Peak_139070
87493309	Peak_2591
87541494	Peak_46259
87541814	Peak_46259
87571089	Peak_11806
87571089	Peak_41873
87778766	Peak_17078
87789596	Peak_60710
87790107	Peak_78285
87806839	Peak_26223
87806839	Peak_27137
87870958	Peak_86346
87945666	Peak_31227
87945666	Peak_72066
88235050	Peak_11272
88235050	Peak_53937
88238786	Peak_7731
88264882	Peak_9268
88388119	Peak_11840
88388119	Peak_79042
88633800	Peak_75062
88651416	Peak_36660
88687969	Peak_16911
88687969	Peak_240119
89216549	Peak_49682
491279	Peak_141234
491279	Peak_200924
491279	Peak_56486
491279	Peak_59225
794839	Peak_37277
795087	Peak_37277
1253764	Peak_31579
1259686	Peak_59351
1260048	Peak_120497
1267972	Peak_25974
1493322	Peak_122053
1493322	Peak_88209
2049573	Peak_20750
2050452	Peak_20750
2049573	Peak_22167
2050452	Peak_22167
2049573	Peak_36500
2050452	Peak_36500
2049573	Peak_42690
2050452	Peak_42690
3921455	Peak_64760
3965111	Peak_67929
3976581	Peak_3255
4003567	Peak_21193
4003567	Peak_73059
4909237	Peak_11734
6752946	Peak_48130
7022028	Peak_27308
7022028	Peak_58401
7046222	Peak_34533
7296374	Peak_23153
7836897	Peak_12587
7916140	Peak_13075
7916140	Peak_32225
7916140	Peak_45473
8056195	Peak_32184
8056710	Peak_32184
8056195	Peak_9529
8056710	Peak_9529
8126611	Peak_138269
8126611	Peak_94126
8138590	Peak_8712
8139079	Peak_8712
8139356	Peak_123508
8139356	Peak_88023
8164175	Peak_56736
8187856	Peak_24278
8192233	Peak_38013
8220870	Peak_77378
8223573	Peak_106254
8223573	Peak_18926
8223573	Peak_23281
8223573	Peak_42629
8223573	Peak_62336
8746114	Peak_106952
8746114	Peak_62117
10737500	Peak_5479
10744464	Peak_15191
10756677	Peak_96376
10757070	Peak_9540
10792176	Peak_25027
10806031	Peak_29237
10844883	Peak_127149
10845320	Peak_127149
10844883	Peak_17766
10845320	Peak_17766
12406667	Peak_70134
12415409	Peak_28289
12627368	Peak_75647
12627578	Peak_75647
13182491	Peak_130750
13182491	Peak_90306
15399106	Peak_174926
16386353	Peak_15979
16386353	Peak_195042
16406944	Peak_46441
17018630	Peak_22541
17018950	Peak_22541
17021259	Peak_30863
17021259	Peak_96801
17025908	Peak_25204
17028386	Peak_9307
17032163	Peak_23184
17300772	Peak_145498
17300772	Peak_202143
17300772	Peak_62359
17416232	Peak_39496
17416480	Peak_21278
17416480	Peak_74180
17440092	Peak_70139
17446544	Peak_18927
17446544	Peak_42325
17446738	Peak_169331
17446738	Peak_93472
17840058	Peak_5287
17840389	Peak_5287
18182253	Peak_33081
19398215	Peak_44660
19398215	Peak_65163
19447380	Peak_100388
19447380	Peak_153223
19448849	Peak_123302
19448849	Peak_142596
19463259	Peak_236445
19724384	Peak_53701
19727512	Peak_96891
19727879	Peak_141035
19727879	Peak_45474
19752907	Peak_13865
20908370	Peak_10009
20908370	Peak_16161
21275531	Peak_10520
21276031	Peak_10520
21275531	Peak_53783
21276031	Peak_53783
21275531	Peak_67491
21276031	Peak_67491
21317032	Peak_25792
27244871	Peak_29940
27245359	Peak_22465
27319897	Peak_40905
27323609	Peak_38634
27332367	Peak_148003
27332367	Peak_2426
27332367	Peak_25458
27349297	Peak_29654
27349396	Peak_74357
27380311	Peak_203645
27380311	Peak_44502
29369878	Peak_18038
29369878	Peak_35402
30344663	Peak_118454
30345136	Peak_118454
30344663	Peak_21259
30345136	Peak_21259
30599903	Peak_16619
30599903	Peak_170679
30599903	Peak_38825
30599903	Peak_7384
31549394	Peak_118134
31549394	Peak_27320
31549394	Peak_7396
31558691	Peak_11029
31559319	Peak_11029
31558691	Peak_14916
31559319	Peak_14916
31570979	Peak_196429
31570979	Peak_68406
31580711	Peak_25412
31580711	Peak_33717
31580711	Peak_98180
31582151	Peak_74361
31596661	Peak_33751
31696258	Peak_68764
31842617	Peak_29951
31842992	Peak_32654
32101054	Peak_25105
32101054	Peak_94031
32124989	Peak_51245
32127292	Peak_16504
32127292	Peak_46022
32483443	Peak_62505
32910099	Peak_62869
32912341	Peak_13660
32954381	Peak_12506
32954381	Peak_174626
32962164	Peak_82293
34252455	Peak_41906
34252455	Peak_62902
35374092	Peak_45895
35374092	Peak_46711
35433681	Peak_31074
37068008	Peak_12392
37068008	Peak_22827
37643946	Peak_44734
38693623	Peak_33546
38693985	Peak_33546
38702052	Peak_24204
38702052	Peak_98851
39573992	Peak_138125
39573992	Peak_17659
39573992	Peak_40512
39617691	Peak_31687
39617691	Peak_32364
39754998	Peak_232476
39754998	Peak_55661
39754998	Peak_6479
40014024	Peak_12872
40108168	Peak_14030
40111183	Peak_18767
40111183	Peak_21582
40113492	Peak_15981
40113159	Peak_15981
40113492	Peak_55678
40113159	Peak_55678
40139608	Peak_64152
40176435	Peak_46851
40458282	Peak_50773
40533405	Peak_60470
40533636	Peak_60470
40536414	Peak_86506
40542250	Peak_17925
40542250	Peak_28603
40542250	Peak_45066
40549191	Peak_201920
40549191	Peak_41945
40551410	Peak_109579
41547910	Peak_21140
41547910	Peak_235674
41547910	Peak_96033
41548523	Peak_148492
41548523	Peak_21149
41549265	Peak_28120
41651450	Peak_20758
41654092	Peak_13678
41654456	Peak_13678
41655563	Peak_19033
41655563	Peak_21130
41665826	Peak_9910
41666340	Peak_69666
41666973	Peak_16038
41792778	Peak_12366
41792778	Peak_39485
41800919	Peak_50230
41800919	Peak_98178
41965802	Peak_53592
42277013	Peak_266519
42277013	Peak_63478
42312248	Peak_54176
42436730	Peak_181885
42436730	Peak_26503
42617969	Peak_80736
42618398	Peak_19418
42667555	Peak_37225
42678478	Peak_25758
42678478	Peak_29003
42780192	Peak_45392
42894346	Peak_22565
42928605	Peak_10735
42928605	Peak_109594
42928605	Peak_63880
43360383	Peak_33530
43367767	Peak_109059
43368845	Peak_109059
43367767	Peak_16833
43368845	Peak_16833
43367767	Peak_21321
43368845	Peak_21321
43367767	Peak_23973
43368845	Peak_23973
43367767	Peak_87143
43368845	Peak_87143
43389541	Peak_33206
43389541	Peak_95455
43839709	Peak_113477
43839709	Peak_26504
44138110	Peak_13223
44280042	Peak_15867
44327044	Peak_10915
44533715	Peak_51486
45021758	Peak_120800
45021758	Peak_36137
45170863	Peak_42498
45172573	Peak_34231
45172573	Peak_59719
45172573	Peak_67901
45197828	Peak_14048
45247369	Peak_31359
45247369	Peak_3445
45262267	Peak_109973
45262267	Peak_122959
45371994	Peak_194016
45371994	Peak_5821
45385250	Peak_121054
45385250	Peak_121831
45385250	Peak_174797
45385250	Peak_34818
45584497	Peak_21680
45584497	Peak_39882
45584497	Peak_43807
46267412	Peak_37723
46267412	Peak_6022
47099690	Peak_104256
47099690	Peak_109086
47099690	Peak_13928
47225385	Peak_24823
47230032	Peak_144025
47230032	Peak_32075
47239880	Peak_47646
47239880	Peak_52541
47630694	Peak_206766
47630694	Peak_66489
47948688	Peak_23448
47949320	Peak_16554
47949320	Peak_298660
47987287	Peak_119467
47987689	Peak_119467
47987287	Peak_86882
47987689	Peak_86882
48023860	Peak_30711
48025502	Peak_4024
48492800	Peak_206880
48492800	Peak_45660
48871659	Peak_24348
49390500	Peak_42373
49390500	Peak_85907
49515418	Peak_12975
49566035	Peak_28116
49567921	Peak_38669
49836005	Peak_53284
49836371	Peak_53284
49836005	Peak_79048
49836371	Peak_79048
50027225	Peak_53781
50027225	Peak_96655
50037690	Peak_27260
50043808	Peak_53588
50151957	Peak_22829
50151957	Peak_235208
50161441	Peak_13107
50177939	Peak_19244
50209943	Peak_31206
50210307	Peak_43410
50289969	Peak_205947
50289969	Peak_21660
50289969	Peak_71398
50305064	Peak_106548
50363789	Peak_105040
50363789	Peak_166858
50692859	Peak_35083
50692657	Peak_35083
50884521	Peak_124721
50884521	Peak_14627
50904280	Peak_44457
50904280	Peak_50083
50904280	Peak_64138
50905051	Peak_110236
50905051	Peak_80033
50905051	Peak_87277
50909066	Peak_166485
50909349	Peak_166485
50909066	Peak_8080
50909349	Peak_8080
50915168	Peak_15743
50915496	Peak_15743
50919564	Peak_8541
50931035	Peak_122393
50931491	Peak_122393
50931035	Peak_15019
50931491	Peak_15019
50931035	Peak_200609
50931491	Peak_200609
50935385	Peak_14556
50935385	Peak_51043
50944066	Peak_108664
50944066	Peak_8366
50949948	Peak_21084
50949948	Peak_23883
55238740	Peak_236329
55238740	Peak_7098
55433156	Peak_20036
55434063	Peak_20036
55433156	Peak_39999
55434063	Peak_39999
55609758	Peak_33582
55609758	Peak_62185
57035975	Peak_37577
57833172	Peak_110018
57833540	Peak_110018
57833172	Peak_56747
57833540	Peak_56747
57851377	Peak_59530
57853741	Peak_60793
57956708	Peak_162844
58518827	Peak_17298
59329861	Peak_57444
59330547	Peak_26822
59423173	Peak_45216
59423173	Peak_77977
59425529	Peak_200865
59425529	Peak_201316
59440739	Peak_32094
59845639	Peak_22213
59847749	Peak_19663
59853262	Peak_26685
59853476	Peak_26685
59855702	Peak_52071
60135160	Peak_106012
60135160	Peak_15509
60135160	Peak_87898
60142940	Peak_170809
60142940	Peak_33290
60577272	Peak_65557
61409796	Peak_52226
61411034	Peak_34191
61411230	Peak_110364
61411230	Peak_123255
61411230	Peak_199397
61411230	Peak_24093
61411230	Peak_81064
61411230	Peak_81178
62820099	Peak_24255
63447353	Peak_58818
63474184	Peak_39497
64025802	Peak_35832
64315153	Peak_49891
64315420	Peak_49891
64497387	Peak_87419
64706678	Peak_170696
64706678	Peak_23035
64706678	Peak_43279
64966230	Peak_9674
64975103	Peak_3281
64975103	Peak_44853
65073246	Peak_54048
65100960	Peak_18027
65100960	Peak_26174
65100960	Peak_93863
65106459	Peak_41355
65123596	Peak_30649
65123596	Peak_59797
65290314	Peak_77895
65290581	Peak_29517
66904765	Peak_123264
66904765	Peak_123982
66904765	Peak_67152
66952023	Peak_22301
67824676	Peak_41950
68086200	Peak_35529
68205269	Peak_144538
68205269	Peak_17128
68205269	Peak_48144
68794126	Peak_38467
68794638	Peak_130926
68794638	Peak_153398
70137919	Peak_62077
72339141	Peak_84550
72407475	Peak_166637
72407475	Peak_22276
72421249	Peak_21823
72421576	Peak_21823
72463951	Peak_30306
72468441	Peak_45942
72475092	Peak_43396
72476124	Peak_195873
72476945	Peak_195873
72476124	Peak_22249
72476945	Peak_22249
72502323	Peak_10053
72502323	Peak_39189
72502323	Peak_42008
72517889	Peak_79470
72518868	Peak_22448
72538996	Peak_122120
72538996	Peak_241567
72540247	Peak_11708
72580320	Peak_18269
72580983	Peak_18269
72580320	Peak_74188
72580983	Peak_74188
72589009	Peak_23470
72592445	Peak_21257
72592445	Peak_268294
73164374	Peak_50615
73182635	Peak_46450
73262400	Peak_40691
73278154	Peak_47577
73278408	Peak_47577
73798137	Peak_22036
74374109	Peak_64790
74379566	Peak_17801
74379566	Peak_21352
74379566	Peak_21379
74407190	Peak_9792
74407537	Peak_9792
74408383	Peak_54192
74408822	Peak_59319
74409103	Peak_59319
74417401	Peak_51984
74417619	Peak_79107
74453271	Peak_244863
74454282	Peak_244863
74453271	Peak_30605
74454282	Peak_30605
74453271	Peak_40822
74454282	Peak_40822
74453271	Peak_78974
74454282	Peak_78974
74453271	Peak_9210
74454282	Peak_9210
74769823	Peak_19529
74770044	Peak_19529
74974775	Peak_36408
74974775	Peak_39038
74981948	Peak_13149
74982610	Peak_13149
74981948	Peak_33175
74982610	Peak_33175
75011042	Peak_56719
75011931	Peak_48091
75077462	Peak_31065
75309101	Peak_35275
75309365	Peak_35275
75309101	Peak_38046
75309365	Peak_38046
75309101	Peak_92391
75309365	Peak_92391
75426452	Peak_52763
75869573	Peak_57278
75872816	Peak_20169
76122037	Peak_59668
76252001	Peak_31848
76259514	Peak_10383
76271918	Peak_170471
76271918	Peak_74690
76271918	Peak_97537
76524703	Peak_52610
76601635	Peak_143481
76601635	Peak_66641
76671082	Peak_59200
76671565	Peak_1327
76671565	Peak_202335
77246976	Peak_21154
77247248	Peak_21154
77734687	Peak_140322
77779674	Peak_119717
77887614	Peak_38809
77887614	Peak_58803
77957853	Peak_201573
77957853	Peak_2099
77957853	Peak_269317
77957853	Peak_40535
77957853	Peak_45572
78144376	Peak_34912
78144793	Peak_13168
78265762	Peak_37682
78266029	Peak_37682
78313955	Peak_11521
78314291	Peak_11521
78315966	Peak_26052
78315407	Peak_26052
78315966	Peak_93885
78315407	Peak_93885
78323379	Peak_271175
78323379	Peak_55376
78324498	Peak_26660
78342117	Peak_17891
78342117	Peak_202691
78342117	Peak_21040
78342117	Peak_62276
78342117	Peak_80017
78351475	Peak_55152
78351475	Peak_66765
78352658	Peak_11501
78353224	Peak_11501
78352658	Peak_121373
78353224	Peak_121373
78933493	Peak_34935
78933909	Peak_11222
78933909	Peak_25077
78986083	Peak_237338
78986083	Peak_86409
78986593	Peak_40818
78987765	Peak_21829
79019659	Peak_52242
79019659	Peak_60934
79019659	Peak_81495
79665370	Peak_47684
79831623	Peak_162059
79831623	Peak_31925
79831623	Peak_73448
79831623	Peak_98712
79844121	Peak_39662
79844933	Peak_52547
79916112	Peak_24581
79919089	Peak_3950
79919313	Peak_3950
79925192	Peak_25517
79925501	Peak_25517
80254735	Peak_41435
81021266	Peak_200121
81296059	Peak_21060
81309157	Peak_16446
81309581	Peak_119932
81337496	Peak_39585
81346495	Peak_16636
81346495	Peak_4460
81346495	Peak_72180
81346495	Peak_7934
81364843	Peak_19907
81364843	Peak_7708
81379324	Peak_143659
81379324	Peak_24824
81394142	Peak_13213
81481614	Peak_29136
81487739	Peak_193723
81487739	Peak_26268
81866022	Peak_23811
82216237	Peak_16719
82216237	Peak_71645
82217693	Peak_67501
82281828	Peak_199294
82281828	Peak_28501
82288002	Peak_28748
82288232	Peak_28748
82288002	Peak_74676
82288232	Peak_74676
82297394	Peak_59649
82297974	Peak_11781
82297974	Peak_13504
82494459	Peak_21365
82494459	Peak_22201
82496977	Peak_19328
82648943	Peak_171435
83109788	Peak_22866
83109788	Peak_298833
83109788	Peak_85520
83189682	Peak_34183
83189897	Peak_34183
83203443	Peak_172270
83203443	Peak_200558
83203443	Peak_238947
268917	Peak_63622
812969	Peak_39020
3043693	Peak_24762
3044980	Peak_123077
3044980	Peak_58777
3044980	Peak_62469
3297017	Peak_18991
3297017	Peak_59769
7272635	Peak_64976
7273332	Peak_31304
8960148	Peak_58150
8960148	Peak_73601
9016910	Peak_16683
9016910	Peak_72288
9017587	Peak_45355
9017587	Peak_86671
9685039	Peak_182636
9685299	Peak_182636
9877053	Peak_41540
9877633	Peak_41540
9877053	Peak_50509
9877633	Peak_50509
9988105	Peak_45823
10010524	Peak_270602
10010524	Peak_40331
10016168	Peak_217041
10016168	Peak_82344
10035508	Peak_85973
10141226	Peak_29936
10270359	Peak_31303
10270359	Peak_32083
11909554	Peak_49697
11947200	Peak_38670
11947200	Peak_4140
11947200	Peak_47279
12038654	Peak_105503
12038654	Peak_231978
12038863	Peak_13206
12039184	Peak_13206
12287794	Peak_25461
12287794	Peak_64609
12287794	Peak_72221
13137408	Peak_141474
13137408	Peak_62245
13137408	Peak_96675
13137530	Peak_14557
13137530	Peak_62022
21980795	Peak_63789
21996910	Peak_30352
21997694	Peak_33244
22002448	Peak_6901
22020108	Peak_42624
22021726	Peak_29976
22044854	Peak_11760
22045357	Peak_45551
22115735	Peak_32324
22129433	Peak_125522
22129433	Peak_13045
22129433	Peak_168785
22342868	Peak_44749
22346858	Peak_24775
22348211	Peak_84143
22466304	Peak_46991
22466610	Peak_47292
22471838	Peak_11578
22604974	Peak_38609
22604974	Peak_44409
22604974	Peak_98730
22683147	Peak_109694
22684011	Peak_109694
22683147	Peak_11448
22684011	Peak_11448
22683147	Peak_41105
22684011	Peak_41105
23488078	Peak_82355
23982519	Peak_38231
32085049	Peak_38167
34929247	Peak_31841
35345564	Peak_64036
44678991	Peak_110038
44678991	Peak_14116
44678991	Peak_24716
48003764	Peak_49858
48901844	Peak_11966
48901844	Peak_80100
48955907	Peak_35717
48998213	Peak_64491
50854130	Peak_60412
56575243	Peak_153683
56575243	Peak_31585
58013925	Peak_203222
58013925	Peak_30176
58013925	Peak_34593
58785375	Peak_242446
58785375	Peak_64442
59700713	Peak_32255
61582160	Peak_28090
61582160	Peak_45380
61636080	Peak_36565
61636190	Peak_14361
61636190	Peak_62068
61637353	Peak_60909
61664435	Peak_35277
61733495	Peak_72980
61733734	Peak_72980
61735599	Peak_36520
62425552	Peak_29115
62436942	Peak_80913
62437175	Peak_39628
62450819	Peak_19056
62505895	Peak_171516
62505895	Peak_294603
62505895	Peak_96622
67525404	Peak_40621
70422116	Peak_19406
70422433	Peak_19406
74197680	Peak_19815
74225518	Peak_8565
74234322	Peak_4650
74234556	Peak_4650
75070719	Peak_71004
76619386	Peak_22962
76619386	Peak_55488
76619386	Peak_69289
76619386	Peak_69385
77209611	Peak_78949
79393329	Peak_67726
79393764	Peak_18950
79394201	Peak_18950
79393764	Peak_22402
79394201	Peak_22402
79589144	Peak_42415
79589144	Peak_59466
295675	Peak_168334
295675	Peak_52603
461678	Peak_105094
461678	Peak_267278
461678	Peak_31327
782200	Peak_107770
782532	Peak_49461
1101814	Peak_88446
1240511	Peak_122455
1240511	Peak_37153
1248062	Peak_49340
1747205	Peak_31746
1747205	Peak_34888
1876369	Peak_173661
1876369	Peak_58142
1876369	Peak_9436
1897321	Peak_13272
1897321	Peak_206940
1940003	Peak_77867
1940003	Peak_85948
2059685	Peak_12558
2061004	Peak_17526
2061863	Peak_17526
2061004	Peak_5248
2061863	Peak_5248
2462926	Peak_19644
2475184	Peak_165703
2489233	Peak_29947
2491159	Peak_24322
2494350	Peak_98046
2494722	Peak_24786
2495070	Peak_24786
2494722	Peak_29667
2495070	Peak_29667
2494722	Peak_8148
2495070	Peak_8148
2495707	Peak_60835
2507269	Peak_25472
2893829	Peak_42119
2950086	Peak_16668
2950086	Peak_2479
2950086	Peak_33628
3047901	Peak_59362
3047721	Peak_59362
3336581	Peak_1412
3336956	Peak_1412
3336581	Peak_7331
3336956	Peak_7331
3343628	Peak_21670
3343628	Peak_31641
3343628	Peak_80934
3346693	Peak_276463
3346693	Peak_66708
3350234	Peak_69052
4042383	Peak_23783
4042383	Peak_78794
4078212	Peak_199679
4078212	Peak_64913
4078385	Peak_236996
4078385	Peak_72817
4083975	Peak_236693
4083975	Peak_39014
4759557	Peak_47175
4760004	Peak_47175
4812876	Peak_34830
4878010	Peak_61447
5799484	Peak_35069
7099641	Peak_13025
7099641	Peak_16916
7099641	Peak_23686
7294937	Peak_45677
10238186	Peak_141452
10238186	Peak_232428
10238186	Peak_64467
10260101	Peak_50932
10269698	Peak_39281
10479285	Peak_13441
10942326	Peak_16002
11085615	Peak_11829
11264432	Peak_34704
11265717	Peak_10140
11624658	Peak_24145
11624869	Peak_24145
11695166	Peak_122148
11695166	Peak_13181
11695166	Peak_236766
12985121	Peak_108526
12985121	Peak_24083
13155533	Peak_22674
13162646	Peak_3152
13163238	Peak_3152
13163836	Peak_61049
13167504	Peak_19257
13172397	Peak_168799
13191121	Peak_64288
13191431	Peak_64288
13833345	Peak_10273
13833905	Peak_10273
13833345	Peak_63007
13833905	Peak_63007
13836981	Peak_77064
13838985	Peak_27538
13838985	Peak_41758
13838985	Peak_85902
13840414	Peak_64136
13843043	Peak_26429
13846537	Peak_14955
13846537	Peak_30617
13847841	Peak_20261
13850482	Peak_22543
13850644	Peak_22543
13851160	Peak_13489
14062115	Peak_11395
14062115	Peak_170602
14062115	Peak_58315
14075117	Peak_26476
14375553	Peak_86904
14375553	Peak_96911
14497533	Peak_59735
15223685	Peak_13258
15223685	Peak_147722
15780171	Peak_43005
15780171	Peak_49169
16066728	Peak_167445
16253727	Peak_27888
16258523	Peak_46114
16279223	Peak_12980
16279483	Peak_12980
16283929	Peak_138164
16283929	Peak_199778
16283929	Peak_48646
16286052	Peak_118906
16286052	Peak_119823
16293539	Peak_42888
16293539	Peak_60539
16315853	Peak_118921
16315853	Peak_206883
16315853	Peak_240148
16315853	Peak_59933
16338700	Peak_118356
16338700	Peak_88655
17391009	Peak_8638
17791288	Peak_20186
17916597	Peak_113791
17916597	Peak_253605
17947539	Peak_163652
17947539	Peak_19177
18017302	Peak_47581
18020250	Peak_22409
18021177	Peak_143909
18021177	Peak_38345
18022176	Peak_64747
18044836	Peak_35822
18045209	Peak_35822
18049431	Peak_13702
18058544	Peak_47365
18274796	Peak_17718
18291587	Peak_17765
18291587	Peak_22335
18291587	Peak_37284
18292947	Peak_244481
18292947	Peak_38849
18293384	Peak_94623
18300986	Peak_27801
18304502	Peak_26123
18304919	Peak_26123
18304502	Peak_8777
18304919	Peak_8777
18305399	Peak_54022
18328729	Peak_3724
18328729	Peak_55009
18398311	Peak_174252
18416888	Peak_41304
18417441	Peak_45945
19372996	Peak_30684
19377791	Peak_32368
20052644	Peak_1151
29716603	Peak_21030
29844316	Peak_6877
29844316	Peak_8720
29844316	Peak_8921
30227846	Peak_272127
30227846	Peak_296286
30227846	Peak_67670
33274193	Peak_20504
33274544	Peak_20504
33274193	Peak_236308
33274544	Peak_236308
33311039	Peak_18468
33311039	Peak_33818
33311039	Peak_58804
33819625	Peak_17377
33819625	Peak_174553
33819625	Peak_242684
33819625	Peak_25480
33884154	Peak_44760
33905495	Peak_119771
33906484	Peak_119771
33905495	Peak_15311
33906484	Peak_15311
33905495	Peak_29441
33906484	Peak_29441
35114655	Peak_271017
35114655	Peak_32962
35114655	Peak_43523
35213811	Peak_34676
35213811	Peak_93983
35434445	Peak_45109
35931322	Peak_1041
36127766	Peak_204446
36127766	Peak_3682
36137031	Peak_24176
36170630	Peak_153948
36170630	Peak_82414
38209720	Peak_162283
38209720	Peak_64100
39237702	Peak_8891
39402459	Peak_28640
39402459	Peak_62827
39402459	Peak_68118
39403898	Peak_13736
39410267	Peak_34927
39411035	Peak_43156
39824779	Peak_12095
39824779	Peak_268063
39824779	Peak_274389
39944329	Peak_104216
39944329	Peak_11223
40190670	Peak_12664
40190670	Peak_35235
40434068	Peak_3185
40434068	Peak_72474
40645734	Peak_26260
40646346	Peak_26260
40645734	Peak_29155
40646346	Peak_29155
40645734	Peak_77881
40646346	Peak_77881
40662812	Peak_21659
40663415	Peak_21659
40662812	Peak_23085
40663415	Peak_23085
40662812	Peak_86049
40663415	Peak_86049
41159166	Peak_113834
41167443	Peak_16212
41167443	Peak_44699
41192748	Peak_106277
42397442	Peak_3293
43425966	Peak_174033
43426365	Peak_174033
43425966	Peak_62659
43426365	Peak_62659
43425966	Peak_88870
43426365	Peak_88870
43640061	Peak_73246
43640061	Peak_84703
43675594	Peak_20045
43785340	Peak_84993
44592876	Peak_21584
44689411	Peak_56459
44691990	Peak_27093
44695397	Peak_19259
44718410	Peak_18602
44718410	Peak_33958
44723968	Peak_45841
44724689	Peak_53304
44725191	Peak_15770
44739097	Peak_53752
44741807	Peak_1558
44742157	Peak_1558
44807982	Peak_18989
44844978	Peak_11098
45645851	Peak_37928
45645851	Peak_51132
45878178	Peak_15983
45878497	Peak_15983
45882768	Peak_15927
46625224	Peak_69292
46625659	Peak_69292
46638804	Peak_28047
46639138	Peak_53341
46639513	Peak_104425
46639513	Peak_78341
46662036	Peak_19614
46813160	Peak_59942
46813333	Peak_167719
46813333	Peak_24835
46813333	Peak_68875
46856610	Peak_109097
46860081	Peak_26195
46860081	Peak_4471
46860081	Peak_60730
46902444	Peak_46467
47210851	Peak_78399
47242972	Peak_36385
47244133	Peak_19320
47599005	Peak_110415
47600231	Peak_2759
48513737	Peak_31527
48678527	Peak_22061
48781103	Peak_53111
48812226	Peak_5041
48878670	Peak_39671
48962271	Peak_268891
48962271	Peak_54809
48963823	Peak_45032
49553484	Peak_46730
49553925	Peak_55936
49554800	Peak_54077
50147522	Peak_11670
50147522	Peak_145801
50147522	Peak_16980
50147522	Peak_78360
50431894	Peak_20336
50431894	Peak_52020
51394514	Peak_143071
51394514	Peak_16579
51594320	Peak_4929
51688020	Peak_273140
51688020	Peak_44998
51702201	Peak_26061
52735769	Peak_43431
52993909	Peak_100694
52993909	Peak_35413
52993909	Peak_38479
54020099	Peak_18525
55210083	Peak_40359
55210083	Peak_47316
55217200	Peak_122271
55217200	Peak_27429
55217200	Peak_34958
55547254	Peak_27802
55564788	Peak_3684
55564788	Peak_38131
55585676	Peak_34617
55585676	Peak_71304
58559665	Peak_26955
58581177	Peak_41679
